DATAFLOW,LAST UPDATE,freq,nrg_bal,unit,geo,TIME_PERIOD,OBS_VALUE,OBS_FLAG,CONF_STATUS
ESTAT:SDG_07_40(1.0),03-02-2026 11:00,Annual,Renewable energy - overall,Percentage,Albania,2004,29.62,,
ESTAT:SDG_07_40(1.0),03-02-2026 11:00,Annual,Renewable energy - overall,Percentage,Albania,2005,31.367,,
ESTAT:SDG_07_40(1.0),03-02-2026 11:00,Annual,Renewable energy - overall,Percentage,Albania,2006,32.07,,
ESTAT:SDG_07_40(1.0),03-02-2026 11:00,Annual,Renewable energy - overall,Percentage,Albania,2007,32.657,,
ESTAT:SDG_07_40(1.0),03-02-2026 11:00,Annual,Renewable energy - overall,Percentage,Albania,2008,32.448,,
ESTAT:SDG_07_40(1.0),03-02-2026 11:00,Annual,Renewable energy - overall,Percentage,Albania,2009,31.437,,
ESTAT:SDG_07_40(1.0),03-02-2026 11:00,Annual,Renewable energy - overall,Percentage,Albania,2010,31.867,,
ESTAT:SDG_07_40(1.0),03-02-2026 11:00,Annual,Renewable energy - overall,Percentage,Albania,2011,31.187,,
ESTAT:SDG_07_40(1.0),03-02-2026 11:00,Annual,Renewable energy - overall,Percentage,Albania,2012,35.152,,
ESTAT:SDG_07_40(1.0),03-02-2026 11:00,Annual,Renewable energy - overall,Percentage,Albania,2013,33.167,,
ESTAT:SDG_07_40(1.0),03-02-2026 11:00,Annual,Renewable energy - overall,Percentage,Albania,2014,31.856,,
ESTAT:SDG_07_40(1.0),03-02-2026 11:00,Annual,Renewable energy - overall,Percentage,Albania,2015,34.913,,
ESTAT:SDG_07_40(1.0),03-02-2026 11:00,Annual,Renewable energy - overall,Percentage,Albania,2016,36.953,,
ESTAT:SDG_07_40(1.0),03-02-2026 11:00,Annual,Renewable energy - overall,Percentage,Albania,2017,35.776,,
ESTAT:SDG_07_40(1.0),03-02-2026 11:00,Annual,Renewable energy - overall,Percentage,Albania,2018,36.572,,
ESTAT:SDG_07_40(1.0),03-02-2026 11:00,Annual,Renewable energy - overall,Percentage,Albania,2019,38.042,,
ESTAT:SDG_07_40(1.0),03-02-2026 11:00,Annual,Renewable energy - overall,Percentage,Albania,2020,45.015,,
ESTAT:SDG_07_40(1.0),03-02-2026 11:00,Annual,Renewable energy - overall,Percentage,Albania,2021,41.389,,
ESTAT:SDG_07_40(1.0),03-02-2026 11:00,Annual,Renewable energy - overall,Percentage,Albania,2022,44.076,,
ESTAT:SDG_07_40(1.0),03-02-2026 11:00,Annual,Renewable energy - overall,Percentage,Albania,2023,46.62,,
ESTAT:SDG_07_40(1.0),03-02-2026 11:00,Annual,Renewable energy - overall,Percentage,Albania,2024,43.111,,
ESTAT:SDG_07_40(1.0),03-02-2026 11:00,Annual,Renewable energy - overall,Percentage,Austria,2004,22.553,,
ESTAT:SDG_07_40(1.0),03-02-2026 11:00,Annual,Renewable energy - overall,Percentage,Austria,2005,24.353,,
ESTAT:SDG_07_40(1.0),03-02-2026 11:00,Annual,Renewable energy - overall,Percentage,Austria,2006,26.276,,
ESTAT:SDG_07_40(1.0),03-02-2026 11:00,Annual,Renewable energy - overall,Percentage,Austria,2007,28.144,,
ESTAT:SDG_07_40(1.0),03-02-2026 11:00,Annual,Renewable energy - overall,Percentage,Austria,2008,28.788,,
ESTAT:SDG_07_40(1.0),03-02-2026 11:00,Annual,Renewable energy - overall,Percentage,Austria,2009,31.039,,
ESTAT:SDG_07_40(1.0),03-02-2026 11:00,Annual,Renewable energy - overall,Percentage,Austria,2010,31.205,,
ESTAT:SDG_07_40(1.0),03-02-2026 11:00,Annual,Renewable energy - overall,Percentage,Austria,2011,31.552,,
ESTAT:SDG_07_40(1.0),03-02-2026 11:00,Annual,Renewable energy - overall,Percentage,Austria,2012,32.734,,
ESTAT:SDG_07_40(1.0),03-02-2026 11:00,Annual,Renewable energy - overall,Percentage,Austria,2013,32.665,,
ESTAT:SDG_07_40(1.0),03-02-2026 11:00,Annual,Renewable energy - overall,Percentage,Austria,2014,33.55,,
ESTAT:SDG_07_40(1.0),03-02-2026 11:00,Annual,Renewable energy - overall,Percentage,Austria,2015,33.497,,
ESTAT:SDG_07_40(1.0),03-02-2026 11:00,Annual,Renewable energy - overall,Percentage,Austria,2016,33.37,,
ESTAT:SDG_07_40(1.0),03-02-2026 11:00,Annual,Renewable energy - overall,Percentage,Austria,2017,33.136,,
ESTAT:SDG_07_40(1.0),03-02-2026 11:00,Annual,Renewable energy - overall,Percentage,Austria,2018,33.784,,
ESTAT:SDG_07_40(1.0),03-02-2026 11:00,Annual,Renewable energy - overall,Percentage,Austria,2019,33.755,,
ESTAT:SDG_07_40(1.0),03-02-2026 11:00,Annual,Renewable energy - overall,Percentage,Austria,2020,36.545,,
ESTAT:SDG_07_40(1.0),03-02-2026 11:00,Annual,Renewable energy - overall,Percentage,Austria,2021,34.643,,
ESTAT:SDG_07_40(1.0),03-02-2026 11:00,Annual,Renewable energy - overall,Percentage,Austria,2022,34.057,,
ESTAT:SDG_07_40(1.0),03-02-2026 11:00,Annual,Renewable energy - overall,Percentage,Austria,2023,41.6,,
ESTAT:SDG_07_40(1.0),03-02-2026 11:00,Annual,Renewable energy - overall,Percentage,Austria,2024,42.951,,
ESTAT:SDG_07_40(1.0),03-02-2026 11:00,Annual,Renewable energy - overall,Percentage,Bosnia and Herzegovina,2014,24.873,,
ESTAT:SDG_07_40(1.0),03-02-2026 11:00,Annual,Renewable energy - overall,Percentage,Bosnia and Herzegovina,2015,26.607,,
ESTAT:SDG_07_40(1.0),03-02-2026 11:00,Annual,Renewable energy - overall,Percentage,Bosnia and Herzegovina,2016,25.358,,
ESTAT:SDG_07_40(1.0),03-02-2026 11:00,Annual,Renewable energy - overall,Percentage,Bosnia and Herzegovina,2017,23.241,,
ESTAT:SDG_07_40(1.0),03-02-2026 11:00,Annual,Renewable energy - overall,Percentage,Bosnia and Herzegovina,2018,35.972,,
ESTAT:SDG_07_40(1.0),03-02-2026 11:00,Annual,Renewable energy - overall,Percentage,Bosnia and Herzegovina,2019,37.454,,
ESTAT:SDG_07_40(1.0),03-02-2026 11:00,Annual,Renewable energy - overall,Percentage,Bosnia and Herzegovina,2020,39.835,,
ESTAT:SDG_07_40(1.0),03-02-2026 11:00,Annual,Renewable energy - overall,Percentage,Bosnia and Herzegovina,2021,36.562,,
ESTAT:SDG_07_40(1.0),03-02-2026 11:00,Annual,Renewable energy - overall,Percentage,Bosnia and Herzegovina,2022,39.294,,
ESTAT:SDG_07_40(1.0),03-02-2026 11:00,Annual,Renewable energy - overall,Percentage,Bosnia and Herzegovina,2023,40.011,,
ESTAT:SDG_07_40(1.0),03-02-2026 11:00,Annual,Renewable energy - overall,Percentage,Belgium,2004,1.916,,
ESTAT:SDG_07_40(1.0),03-02-2026 11:00,Annual,Renewable energy - overall,Percentage,Belgium,2005,2.325,,
ESTAT:SDG_07_40(1.0),03-02-2026 11:00,Annual,Renewable energy - overall,Percentage,Belgium,2006,2.658,,
ESTAT:SDG_07_40(1.0),03-02-2026 11:00,Annual,Renewable energy - overall,Percentage,Belgium,2007,3.14,,
ESTAT:SDG_07_40(1.0),03-02-2026 11:00,Annual,Renewable energy - overall,Percentage,Belgium,2008,3.611,,
ESTAT:SDG_07_40(1.0),03-02-2026 11:00,Annual,Renewable energy - overall,Percentage,Belgium,2009,4.746,,
ESTAT:SDG_07_40(1.0),03-02-2026 11:00,Annual,Renewable energy - overall,Percentage,Belgium,2010,6.004,,
ESTAT:SDG_07_40(1.0),03-02-2026 11:00,Annual,Renewable energy - overall,Percentage,Belgium,2011,6.302,,
ESTAT:SDG_07_40(1.0),03-02-2026 11:00,Annual,Renewable energy - overall,Percentage,Belgium,2012,7.086,,
ESTAT:SDG_07_40(1.0),03-02-2026 11:00,Annual,Renewable energy - overall,Percentage,Belgium,2013,7.671,,
ESTAT:SDG_07_40(1.0),03-02-2026 11:00,Annual,Renewable energy - overall,Percentage,Belgium,2014,8.038,,
ESTAT:SDG_07_40(1.0),03-02-2026 11:00,Annual,Renewable energy - overall,Percentage,Belgium,2015,8.06,,
ESTAT:SDG_07_40(1.0),03-02-2026 11:00,Annual,Renewable energy - overall,Percentage,Belgium,2016,8.744,,
ESTAT:SDG_07_40(1.0),03-02-2026 11:00,Annual,Renewable energy - overall,Percentage,Belgium,2017,9.136,,
ESTAT:SDG_07_40(1.0),03-02-2026 11:00,Annual,Renewable energy - overall,Percentage,Belgium,2018,9.472,,
ESTAT:SDG_07_40(1.0),03-02-2026 11:00,Annual,Renewable energy - overall,Percentage,Belgium,2019,9.929,,
ESTAT:SDG_07_40(1.0),03-02-2026 11:00,Annual,Renewable energy - overall,Percentage,Belgium,2020,13,,
ESTAT:SDG_07_40(1.0),03-02-2026 11:00,Annual,Renewable energy - overall,Percentage,Belgium,2021,13.017,,
ESTAT:SDG_07_40(1.0),03-02-2026 11:00,Annual,Renewable energy - overall,Percentage,Belgium,2022,13.831,,
ESTAT:SDG_07_40(1.0),03-02-2026 11:00,Annual,Renewable energy - overall,Percentage,Belgium,2023,14.673,,
ESTAT:SDG_07_40(1.0),03-02-2026 11:00,Annual,Renewable energy - overall,Percentage,Belgium,2024,14.336,,
ESTAT:SDG_07_40(1.0),03-02-2026 11:00,Annual,Renewable energy - overall,Percentage,Bulgaria,2004,9.231,,
ESTAT:SDG_07_40(1.0),03-02-2026 11:00,Annual,Renewable energy - overall,Percentage,Bulgaria,2005,9.173,,
ESTAT:SDG_07_40(1.0),03-02-2026 11:00,Annual,Renewable energy - overall,Percentage,Bulgaria,2006,9.415,,
ESTAT:SDG_07_40(1.0),03-02-2026 11:00,Annual,Renewable energy - overall,Percentage,Bulgaria,2007,9.098,,
ESTAT:SDG_07_40(1.0),03-02-2026 11:00,Annual,Renewable energy - overall,Percentage,Bulgaria,2008,10.345,,
ESTAT:SDG_07_40(1.0),03-02-2026 11:00,Annual,Renewable energy - overall,Percentage,Bulgaria,2009,12.005,,
ESTAT:SDG_07_40(1.0),03-02-2026 11:00,Annual,Renewable energy - overall,Percentage,Bulgaria,2010,13.927,,
ESTAT:SDG_07_40(1.0),03-02-2026 11:00,Annual,Renewable energy - overall,Percentage,Bulgaria,2011,14.152,,
ESTAT:SDG_07_40(1.0),03-02-2026 11:00,Annual,Renewable energy - overall,Percentage,Bulgaria,2012,15.837,,
ESTAT:SDG_07_40(1.0),03-02-2026 11:00,Annual,Renewable energy - overall,Percentage,Bulgaria,2013,18.898,,
ESTAT:SDG_07_40(1.0),03-02-2026 11:00,Annual,Renewable energy - overall,Percentage,Bulgaria,2014,18.05,,
ESTAT:SDG_07_40(1.0),03-02-2026 11:00,Annual,Renewable energy - overall,Percentage,Bulgaria,2015,18.261,,
ESTAT:SDG_07_40(1.0),03-02-2026 11:00,Annual,Renewable energy - overall,Percentage,Bulgaria,2016,18.76,,
ESTAT:SDG_07_40(1.0),03-02-2026 11:00,Annual,Renewable energy - overall,Percentage,Bulgaria,2017,18.695,,
ESTAT:SDG_07_40(1.0),03-02-2026 11:00,Annual,Renewable energy - overall,Percentage,Bulgaria,2018,20.581,,
ESTAT:SDG_07_40(1.0),03-02-2026 11:00,Annual,Renewable energy - overall,Percentage,Bulgaria,2019,21.545,,
ESTAT:SDG_07_40(1.0),03-02-2026 11:00,Annual,Renewable energy - overall,Percentage,Bulgaria,2020,23.319,,
ESTAT:SDG_07_40(1.0),03-02-2026 11:00,Annual,Renewable energy - overall,Percentage,Bulgaria,2021,19.394,,
ESTAT:SDG_07_40(1.0),03-02-2026 11:00,Annual,Renewable energy - overall,Percentage,Bulgaria,2022,19.079,,
ESTAT:SDG_07_40(1.0),03-02-2026 11:00,Annual,Renewable energy - overall,Percentage,Bulgaria,2023,23.151,,
ESTAT:SDG_07_40(1.0),03-02-2026 11:00,Annual,Renewable energy - overall,Percentage,Bulgaria,2024,23.21,,
ESTAT:SDG_07_40(1.0),03-02-2026 11:00,Annual,Renewable energy - overall,Percentage,Cyprus,2004,3.071,,
ESTAT:SDG_07_40(1.0),03-02-2026 11:00,Annual,Renewable energy - overall,Percentage,Cyprus,2005,3.131,,
ESTAT:SDG_07_40(1.0),03-02-2026 11:00,Annual,Renewable energy - overall,Percentage,Cyprus,2006,3.263,,
ESTAT:SDG_07_40(1.0),03-02-2026 11:00,Annual,Renewable energy - overall,Percentage,Cyprus,2007,4.001,,
ESTAT:SDG_07_40(1.0),03-02-2026 11:00,Annual,Renewable energy - overall,Percentage,Cyprus,2008,5.131,,
ESTAT:SDG_07_40(1.0),03-02-2026 11:00,Annual,Renewable energy - overall,Percentage,Cyprus,2009,5.92,,
ESTAT:SDG_07_40(1.0),03-02-2026 11:00,Annual,Renewable energy - overall,Percentage,Cyprus,2010,6.161,,
ESTAT:SDG_07_40(1.0),03-02-2026 11:00,Annual,Renewable energy - overall,Percentage,Cyprus,2011,6.245,,
ESTAT:SDG_07_40(1.0),03-02-2026 11:00,Annual,Renewable energy - overall,Percentage,Cyprus,2012,7.111,,
ESTAT:SDG_07_40(1.0),03-02-2026 11:00,Annual,Renewable energy - overall,Percentage,Cyprus,2013,8.428,,
ESTAT:SDG_07_40(1.0),03-02-2026 11:00,Annual,Renewable energy - overall,Percentage,Cyprus,2014,9.144,,
ESTAT:SDG_07_40(1.0),03-02-2026 11:00,Annual,Renewable energy - overall,Percentage,Cyprus,2015,9.903,,
ESTAT:SDG_07_40(1.0),03-02-2026 11:00,Annual,Renewable energy - overall,Percentage,Cyprus,2016,9.833,,
ESTAT:SDG_07_40(1.0),03-02-2026 11:00,Annual,Renewable energy - overall,Percentage,Cyprus,2017,10.478,,
ESTAT:SDG_07_40(1.0),03-02-2026 11:00,Annual,Renewable energy - overall,Percentage,Cyprus,2018,13.873,,
ESTAT:SDG_07_40(1.0),03-02-2026 11:00,Annual,Renewable energy - overall,Percentage,Cyprus,2019,13.777,,
ESTAT:SDG_07_40(1.0),03-02-2026 11:00,Annual,Renewable energy - overall,Percentage,Cyprus,2020,16.879,,
ESTAT:SDG_07_40(1.0),03-02-2026 11:00,Annual,Renewable energy - overall,Percentage,Cyprus,2021,19.069,,
ESTAT:SDG_07_40(1.0),03-02-2026 11:00,Annual,Renewable energy - overall,Percentage,Cyprus,2022,19.427,,
ESTAT:SDG_07_40(1.0),03-02-2026 11:00,Annual,Renewable energy - overall,Percentage,Cyprus,2023,20.213,,
ESTAT:SDG_07_40(1.0),03-02-2026 11:00,Annual,Renewable energy - overall,Percentage,Cyprus,2024,20.844,,
ESTAT:SDG_07_40(1.0),03-02-2026 11:00,Annual,Renewable energy - overall,Percentage,Czechia,2004,6.773,,
ESTAT:SDG_07_40(1.0),03-02-2026 11:00,Annual,Renewable energy - overall,Percentage,Czechia,2005,7.113,,
ESTAT:SDG_07_40(1.0),03-02-2026 11:00,Annual,Renewable energy - overall,Percentage,Czechia,2006,7.362,,
ESTAT:SDG_07_40(1.0),03-02-2026 11:00,Annual,Renewable energy - overall,Percentage,Czechia,2007,7.895,,
ESTAT:SDG_07_40(1.0),03-02-2026 11:00,Annual,Renewable energy - overall,Percentage,Czechia,2008,8.674,,
ESTAT:SDG_07_40(1.0),03-02-2026 11:00,Annual,Renewable energy - overall,Percentage,Czechia,2009,9.977,,
ESTAT:SDG_07_40(1.0),03-02-2026 11:00,Annual,Renewable energy - overall,Percentage,Czechia,2010,10.513,,
ESTAT:SDG_07_40(1.0),03-02-2026 11:00,Annual,Renewable energy - overall,Percentage,Czechia,2011,10.945,,
ESTAT:SDG_07_40(1.0),03-02-2026 11:00,Annual,Renewable energy - overall,Percentage,Czechia,2012,12.814,,
ESTAT:SDG_07_40(1.0),03-02-2026 11:00,Annual,Renewable energy - overall,Percentage,Czechia,2013,13.927,,
ESTAT:SDG_07_40(1.0),03-02-2026 11:00,Annual,Renewable energy - overall,Percentage,Czechia,2014,15.074,,
ESTAT:SDG_07_40(1.0),03-02-2026 11:00,Annual,Renewable energy - overall,Percentage,Czechia,2015,15.07,,
ESTAT:SDG_07_40(1.0),03-02-2026 11:00,Annual,Renewable energy - overall,Percentage,Czechia,2016,14.926,,
ESTAT:SDG_07_40(1.0),03-02-2026 11:00,Annual,Renewable energy - overall,Percentage,Czechia,2017,14.799,,
ESTAT:SDG_07_40(1.0),03-02-2026 11:00,Annual,Renewable energy - overall,Percentage,Czechia,2018,15.139,,
ESTAT:SDG_07_40(1.0),03-02-2026 11:00,Annual,Renewable energy - overall,Percentage,Czechia,2019,16.239,,
ESTAT:SDG_07_40(1.0),03-02-2026 11:00,Annual,Renewable energy - overall,Percentage,Czechia,2020,17.303,,
ESTAT:SDG_07_40(1.0),03-02-2026 11:00,Annual,Renewable energy - overall,Percentage,Czechia,2021,17.614,,
ESTAT:SDG_07_40(1.0),03-02-2026 11:00,Annual,Renewable energy - overall,Percentage,Czechia,2022,18.123,,
ESTAT:SDG_07_40(1.0),03-02-2026 11:00,Annual,Renewable energy - overall,Percentage,Czechia,2023,18.555,,
ESTAT:SDG_07_40(1.0),03-02-2026 11:00,Annual,Renewable energy - overall,Percentage,Czechia,2024,19.211,,
ESTAT:SDG_07_40(1.0),03-02-2026 11:00,Annual,Renewable energy - overall,Percentage,Germany,2004,6.207,,
ESTAT:SDG_07_40(1.0),03-02-2026 11:00,Annual,Renewable energy - overall,Percentage,Germany,2005,7.167,,
ESTAT:SDG_07_40(1.0),03-02-2026 11:00,Annual,Renewable energy - overall,Percentage,Germany,2006,8.466,,
ESTAT:SDG_07_40(1.0),03-02-2026 11:00,Annual,Renewable energy - overall,Percentage,Germany,2007,10.039,,
ESTAT:SDG_07_40(1.0),03-02-2026 11:00,Annual,Renewable energy - overall,Percentage,Germany,2008,10.072,,
ESTAT:SDG_07_40(1.0),03-02-2026 11:00,Annual,Renewable energy - overall,Percentage,Germany,2009,10.851,,
ESTAT:SDG_07_40(1.0),03-02-2026 11:00,Annual,Renewable energy - overall,Percentage,Germany,2010,11.667,,
ESTAT:SDG_07_40(1.0),03-02-2026 11:00,Annual,Renewable energy - overall,Percentage,Germany,2011,12.47,,
ESTAT:SDG_07_40(1.0),03-02-2026 11:00,Annual,Renewable energy - overall,Percentage,Germany,2012,13.549,,
ESTAT:SDG_07_40(1.0),03-02-2026 11:00,Annual,Renewable energy - overall,Percentage,Germany,2013,13.757,,
ESTAT:SDG_07_40(1.0),03-02-2026 11:00,Annual,Renewable energy - overall,Percentage,Germany,2014,14.381,,
ESTAT:SDG_07_40(1.0),03-02-2026 11:00,Annual,Renewable energy - overall,Percentage,Germany,2015,14.901,,
ESTAT:SDG_07_40(1.0),03-02-2026 11:00,Annual,Renewable energy - overall,Percentage,Germany,2016,14.885,,
ESTAT:SDG_07_40(1.0),03-02-2026 11:00,Annual,Renewable energy - overall,Percentage,Germany,2017,15.472,,
ESTAT:SDG_07_40(1.0),03-02-2026 11:00,Annual,Renewable energy - overall,Percentage,Germany,2018,16.66,,
ESTAT:SDG_07_40(1.0),03-02-2026 11:00,Annual,Renewable energy - overall,Percentage,Germany,2019,17.266,,
ESTAT:SDG_07_40(1.0),03-02-2026 11:00,Annual,Renewable energy - overall,Percentage,Germany,2020,19.09,,
ESTAT:SDG_07_40(1.0),03-02-2026 11:00,Annual,Renewable energy - overall,Percentage,Germany,2021,19.302,,
ESTAT:SDG_07_40(1.0),03-02-2026 11:00,Annual,Renewable energy - overall,Percentage,Germany,2022,20.829,,
ESTAT:SDG_07_40(1.0),03-02-2026 11:00,Annual,Renewable energy - overall,Percentage,Germany,2023,21.512,,
ESTAT:SDG_07_40(1.0),03-02-2026 11:00,Annual,Renewable energy - overall,Percentage,Germany,2024,22.474,,
ESTAT:SDG_07_40(1.0),03-02-2026 11:00,Annual,Renewable energy - overall,Percentage,Denmark,2004,14.839,,
ESTAT:SDG_07_40(1.0),03-02-2026 11:00,Annual,Renewable energy - overall,Percentage,Denmark,2005,15.955,,
ESTAT:SDG_07_40(1.0),03-02-2026 11:00,Annual,Renewable energy - overall,Percentage,Denmark,2006,16.332,,
ESTAT:SDG_07_40(1.0),03-02-2026 11:00,Annual,Renewable energy - overall,Percentage,Denmark,2007,17.747,,
ESTAT:SDG_07_40(1.0),03-02-2026 11:00,Annual,Renewable energy - overall,Percentage,Denmark,2008,18.543,,
ESTAT:SDG_07_40(1.0),03-02-2026 11:00,Annual,Renewable energy - overall,Percentage,Denmark,2009,19.948,,
ESTAT:SDG_07_40(1.0),03-02-2026 11:00,Annual,Renewable energy - overall,Percentage,Denmark,2010,21.888,,
ESTAT:SDG_07_40(1.0),03-02-2026 11:00,Annual,Renewable energy - overall,Percentage,Denmark,2011,23.389,,
ESTAT:SDG_07_40(1.0),03-02-2026 11:00,Annual,Renewable energy - overall,Percentage,Denmark,2012,25.465,,
ESTAT:SDG_07_40(1.0),03-02-2026 11:00,Annual,Renewable energy - overall,Percentage,Denmark,2013,27.173,,
ESTAT:SDG_07_40(1.0),03-02-2026 11:00,Annual,Renewable energy - overall,Percentage,Denmark,2014,29.31,,
ESTAT:SDG_07_40(1.0),03-02-2026 11:00,Annual,Renewable energy - overall,Percentage,Denmark,2015,30.469,,
ESTAT:SDG_07_40(1.0),03-02-2026 11:00,Annual,Renewable energy - overall,Percentage,Denmark,2016,31.715,,
ESTAT:SDG_07_40(1.0),03-02-2026 11:00,Annual,Renewable energy - overall,Percentage,Denmark,2017,34.387,,
ESTAT:SDG_07_40(1.0),03-02-2026 11:00,Annual,Renewable energy - overall,Percentage,Denmark,2018,35.159,,
ESTAT:SDG_07_40(1.0),03-02-2026 11:00,Annual,Renewable energy - overall,Percentage,Denmark,2019,37.02,,
ESTAT:SDG_07_40(1.0),03-02-2026 11:00,Annual,Renewable energy - overall,Percentage,Denmark,2020,31.681,,
ESTAT:SDG_07_40(1.0),03-02-2026 11:00,Annual,Renewable energy - overall,Percentage,Denmark,2021,41.494,,
ESTAT:SDG_07_40(1.0),03-02-2026 11:00,Annual,Renewable energy - overall,Percentage,Denmark,2022,41.368,,
ESTAT:SDG_07_40(1.0),03-02-2026 11:00,Annual,Renewable energy - overall,Percentage,Denmark,2023,43.728,,
ESTAT:SDG_07_40(1.0),03-02-2026 11:00,Annual,Renewable energy - overall,Percentage,Denmark,2024,46.461,,
ESTAT:SDG_07_40(1.0),03-02-2026 11:00,Annual,Renewable energy - overall,Percentage,Euro area – 20 countries (2023-2025),2021,20.661,,
ESTAT:SDG_07_40(1.0),03-02-2026 11:00,Annual,Renewable energy - overall,Percentage,Euro area – 20 countries (2023-2025),2022,21.749,,
ESTAT:SDG_07_40(1.0),03-02-2026 11:00,Annual,Renewable energy - overall,Percentage,Euro area – 20 countries (2023-2025),2023,23.429,,
ESTAT:SDG_07_40(1.0),03-02-2026 11:00,Annual,Renewable energy - overall,Percentage,Euro area – 20 countries (2023-2025),2024,24.205,,
ESTAT:SDG_07_40(1.0),03-02-2026 11:00,Annual,Renewable energy - overall,Percentage,Euro area – 21 countries (from 2026),2021,40.055,,
ESTAT:SDG_07_40(1.0),03-02-2026 11:00,Annual,Renewable energy - overall,Percentage,Euro area – 21 countries (from 2026),2022,40.828,,
ESTAT:SDG_07_40(1.0),03-02-2026 11:00,Annual,Renewable energy - overall,Percentage,Euro area – 21 countries (from 2026),2023,46.58,,
ESTAT:SDG_07_40(1.0),03-02-2026 11:00,Annual,Renewable energy - overall,Percentage,Euro area – 21 countries (from 2026),2024,47.417,,
ESTAT:SDG_07_40(1.0),03-02-2026 11:00,Annual,Renewable energy - overall,Percentage,Estonia,2004,18.42,,
ESTAT:SDG_07_40(1.0),03-02-2026 11:00,Annual,Renewable energy - overall,Percentage,Estonia,2005,17.478,,
ESTAT:SDG_07_40(1.0),03-02-2026 11:00,Annual,Renewable energy - overall,Percentage,Estonia,2006,16.011,,
ESTAT:SDG_07_40(1.0),03-02-2026 11:00,Annual,Renewable energy - overall,Percentage,Estonia,2007,17.139,,
ESTAT:SDG_07_40(1.0),03-02-2026 11:00,Annual,Renewable energy - overall,Percentage,Estonia,2008,18.811,,
ESTAT:SDG_07_40(1.0),03-02-2026 11:00,Annual,Renewable energy - overall,Percentage,Estonia,2009,23.009,,
ESTAT:SDG_07_40(1.0),03-02-2026 11:00,Annual,Renewable energy - overall,Percentage,Estonia,2010,24.575,,
ESTAT:SDG_07_40(1.0),03-02-2026 11:00,Annual,Renewable energy - overall,Percentage,Estonia,2011,25.515,,
ESTAT:SDG_07_40(1.0),03-02-2026 11:00,Annual,Renewable energy - overall,Percentage,Estonia,2012,25.586,,
ESTAT:SDG_07_40(1.0),03-02-2026 11:00,Annual,Renewable energy - overall,Percentage,Estonia,2013,25.356,,
ESTAT:SDG_07_40(1.0),03-02-2026 11:00,Annual,Renewable energy - overall,Percentage,Estonia,2014,26.13,,
ESTAT:SDG_07_40(1.0),03-02-2026 11:00,Annual,Renewable energy - overall,Percentage,Estonia,2015,28.987,,
ESTAT:SDG_07_40(1.0),03-02-2026 11:00,Annual,Renewable energy - overall,Percentage,Estonia,2016,29.232,,
ESTAT:SDG_07_40(1.0),03-02-2026 11:00,Annual,Renewable energy - overall,Percentage,Estonia,2017,29.538,,
ESTAT:SDG_07_40(1.0),03-02-2026 11:00,Annual,Renewable energy - overall,Percentage,Estonia,2018,29.97,,
ESTAT:SDG_07_40(1.0),03-02-2026 11:00,Annual,Renewable energy - overall,Percentage,Estonia,2019,31.73,,
ESTAT:SDG_07_40(1.0),03-02-2026 11:00,Annual,Renewable energy - overall,Percentage,Estonia,2020,30.069,,
ESTAT:SDG_07_40(1.0),03-02-2026 11:00,Annual,Renewable energy - overall,Percentage,Estonia,2021,37.342,,
ESTAT:SDG_07_40(1.0),03-02-2026 11:00,Annual,Renewable energy - overall,Percentage,Estonia,2022,38.542,,
ESTAT:SDG_07_40(1.0),03-02-2026 11:00,Annual,Renewable energy - overall,Percentage,Estonia,2023,40.95,,
ESTAT:SDG_07_40(1.0),03-02-2026 11:00,Annual,Renewable energy - overall,Percentage,Estonia,2024,42.232,,
ESTAT:SDG_07_40(1.0),03-02-2026 11:00,Annual,Renewable energy - overall,Percentage,Greece,2004,7.161,,
ESTAT:SDG_07_40(1.0),03-02-2026 11:00,Annual,Renewable energy - overall,Percentage,Greece,2005,7.277,,
ESTAT:SDG_07_40(1.0),03-02-2026 11:00,Annual,Renewable energy - overall,Percentage,Greece,2006,7.458,,
ESTAT:SDG_07_40(1.0),03-02-2026 11:00,Annual,Renewable energy - overall,Percentage,Greece,2007,8.249,,
ESTAT:SDG_07_40(1.0),03-02-2026 11:00,Annual,Renewable energy - overall,Percentage,Greece,2008,8.183,,
ESTAT:SDG_07_40(1.0),03-02-2026 11:00,Annual,Renewable energy - overall,Percentage,Greece,2009,8.731,,
ESTAT:SDG_07_40(1.0),03-02-2026 11:00,Annual,Renewable energy - overall,Percentage,Greece,2010,10.077,,
ESTAT:SDG_07_40(1.0),03-02-2026 11:00,Annual,Renewable energy - overall,Percentage,Greece,2011,11.153,,
ESTAT:SDG_07_40(1.0),03-02-2026 11:00,Annual,Renewable energy - overall,Percentage,Greece,2012,13.741,,
ESTAT:SDG_07_40(1.0),03-02-2026 11:00,Annual,Renewable energy - overall,Percentage,Greece,2013,15.326,,
ESTAT:SDG_07_40(1.0),03-02-2026 11:00,Annual,Renewable energy - overall,Percentage,Greece,2014,15.683,,
ESTAT:SDG_07_40(1.0),03-02-2026 11:00,Annual,Renewable energy - overall,Percentage,Greece,2015,15.69,,
ESTAT:SDG_07_40(1.0),03-02-2026 11:00,Annual,Renewable energy - overall,Percentage,Greece,2016,15.39,,
ESTAT:SDG_07_40(1.0),03-02-2026 11:00,Annual,Renewable energy - overall,Percentage,Greece,2017,17.3,,
ESTAT:SDG_07_40(1.0),03-02-2026 11:00,Annual,Renewable energy - overall,Percentage,Greece,2018,18.001,,
ESTAT:SDG_07_40(1.0),03-02-2026 11:00,Annual,Renewable energy - overall,Percentage,Greece,2019,19.633,,
ESTAT:SDG_07_40(1.0),03-02-2026 11:00,Annual,Renewable energy - overall,Percentage,Greece,2020,21.749,,
ESTAT:SDG_07_40(1.0),03-02-2026 11:00,Annual,Renewable energy - overall,Percentage,Greece,2021,22.001,,
ESTAT:SDG_07_40(1.0),03-02-2026 11:00,Annual,Renewable energy - overall,Percentage,Greece,2022,22.671,,
ESTAT:SDG_07_40(1.0),03-02-2026 11:00,Annual,Renewable energy - overall,Percentage,Greece,2023,25.269,,
ESTAT:SDG_07_40(1.0),03-02-2026 11:00,Annual,Renewable energy - overall,Percentage,Greece,2024,25.364,,
ESTAT:SDG_07_40(1.0),03-02-2026 11:00,Annual,Renewable energy - overall,Percentage,Spain,2004,8.345,,
ESTAT:SDG_07_40(1.0),03-02-2026 11:00,Annual,Renewable energy - overall,Percentage,Spain,2005,8.444,,
ESTAT:SDG_07_40(1.0),03-02-2026 11:00,Annual,Renewable energy - overall,Percentage,Spain,2006,9.156,,
ESTAT:SDG_07_40(1.0),03-02-2026 11:00,Annual,Renewable energy - overall,Percentage,Spain,2007,9.667,,
ESTAT:SDG_07_40(1.0),03-02-2026 11:00,Annual,Renewable energy - overall,Percentage,Spain,2008,10.744,,
ESTAT:SDG_07_40(1.0),03-02-2026 11:00,Annual,Renewable energy - overall,Percentage,Spain,2009,12.958,,
ESTAT:SDG_07_40(1.0),03-02-2026 11:00,Annual,Renewable energy - overall,Percentage,Spain,2010,13.782,,
ESTAT:SDG_07_40(1.0),03-02-2026 11:00,Annual,Renewable energy - overall,Percentage,Spain,2011,13.176,,
ESTAT:SDG_07_40(1.0),03-02-2026 11:00,Annual,Renewable energy - overall,Percentage,Spain,2012,14.239,,
ESTAT:SDG_07_40(1.0),03-02-2026 11:00,Annual,Renewable energy - overall,Percentage,Spain,2013,15.081,,
ESTAT:SDG_07_40(1.0),03-02-2026 11:00,Annual,Renewable energy - overall,Percentage,Spain,2014,15.879,,
ESTAT:SDG_07_40(1.0),03-02-2026 11:00,Annual,Renewable energy - overall,Percentage,Spain,2015,16.221,,
ESTAT:SDG_07_40(1.0),03-02-2026 11:00,Annual,Renewable energy - overall,Percentage,Spain,2016,17.015,,
ESTAT:SDG_07_40(1.0),03-02-2026 11:00,Annual,Renewable energy - overall,Percentage,Spain,2017,17.118,,
ESTAT:SDG_07_40(1.0),03-02-2026 11:00,Annual,Renewable energy - overall,Percentage,Spain,2018,17.023,,
ESTAT:SDG_07_40(1.0),03-02-2026 11:00,Annual,Renewable energy - overall,Percentage,Spain,2019,17.852,,
ESTAT:SDG_07_40(1.0),03-02-2026 11:00,Annual,Renewable energy - overall,Percentage,Spain,2020,21.22,,
ESTAT:SDG_07_40(1.0),03-02-2026 11:00,Annual,Renewable energy - overall,Percentage,Spain,2021,20.552,,
ESTAT:SDG_07_40(1.0),03-02-2026 11:00,Annual,Renewable energy - overall,Percentage,Spain,2022,21.837,,
ESTAT:SDG_07_40(1.0),03-02-2026 11:00,Annual,Renewable energy - overall,Percentage,Spain,2023,24.981,,
ESTAT:SDG_07_40(1.0),03-02-2026 11:00,Annual,Renewable energy - overall,Percentage,Spain,2024,25.417,,
ESTAT:SDG_07_40(1.0),03-02-2026 11:00,Annual,Renewable energy - overall,Percentage,European Union - 27 countries (from 2020),2004,9.605,,
ESTAT:SDG_07_40(1.0),03-02-2026 11:00,Annual,Renewable energy - overall,Percentage,European Union - 27 countries (from 2020),2005,10.182,,
ESTAT:SDG_07_40(1.0),03-02-2026 11:00,Annual,Renewable energy - overall,Percentage,European Union - 27 countries (from 2020),2006,10.778,,
ESTAT:SDG_07_40(1.0),03-02-2026 11:00,Annual,Renewable energy - overall,Percentage,European Union - 27 countries (from 2020),2007,11.749,,
ESTAT:SDG_07_40(1.0),03-02-2026 11:00,Annual,Renewable energy - overall,Percentage,European Union - 27 countries (from 2020),2008,12.552,,
ESTAT:SDG_07_40(1.0),03-02-2026 11:00,Annual,Renewable energy - overall,Percentage,European Union - 27 countries (from 2020),2009,13.85,,
ESTAT:SDG_07_40(1.0),03-02-2026 11:00,Annual,Renewable energy - overall,Percentage,European Union - 27 countries (from 2020),2010,14.405,,
ESTAT:SDG_07_40(1.0),03-02-2026 11:00,Annual,Renewable energy - overall,Percentage,European Union - 27 countries (from 2020),2011,14.547,,
ESTAT:SDG_07_40(1.0),03-02-2026 11:00,Annual,Renewable energy - overall,Percentage,European Union - 27 countries (from 2020),2012,16.002,,
ESTAT:SDG_07_40(1.0),03-02-2026 11:00,Annual,Renewable energy - overall,Percentage,European Union - 27 countries (from 2020),2013,16.659,,
ESTAT:SDG_07_40(1.0),03-02-2026 11:00,Annual,Renewable energy - overall,Percentage,European Union - 27 countries (from 2020),2014,17.416,,
ESTAT:SDG_07_40(1.0),03-02-2026 11:00,Annual,Renewable energy - overall,Percentage,European Union - 27 countries (from 2020),2015,17.82,,
ESTAT:SDG_07_40(1.0),03-02-2026 11:00,Annual,Renewable energy - overall,Percentage,European Union - 27 countries (from 2020),2016,17.978,,
ESTAT:SDG_07_40(1.0),03-02-2026 11:00,Annual,Renewable energy - overall,Percentage,European Union - 27 countries (from 2020),2017,18.411,,
ESTAT:SDG_07_40(1.0),03-02-2026 11:00,Annual,Renewable energy - overall,Percentage,European Union - 27 countries (from 2020),2018,19.096,,
ESTAT:SDG_07_40(1.0),03-02-2026 11:00,Annual,Renewable energy - overall,Percentage,European Union - 27 countries (from 2020),2019,19.887,,
ESTAT:SDG_07_40(1.0),03-02-2026 11:00,Annual,Renewable energy - overall,Percentage,European Union - 27 countries (from 2020),2020,22.038,,
ESTAT:SDG_07_40(1.0),03-02-2026 11:00,Annual,Renewable energy - overall,Percentage,European Union - 27 countries (from 2020),2021,21.897,,
ESTAT:SDG_07_40(1.0),03-02-2026 11:00,Annual,Renewable energy - overall,Percentage,European Union - 27 countries (from 2020),2022,23.003,,
ESTAT:SDG_07_40(1.0),03-02-2026 11:00,Annual,Renewable energy - overall,Percentage,European Union - 27 countries (from 2020),2023,24.579,,
ESTAT:SDG_07_40(1.0),03-02-2026 11:00,Annual,Renewable energy - overall,Percentage,European Union - 27 countries (from 2020),2024,25.241,,
ESTAT:SDG_07_40(1.0),03-02-2026 11:00,Annual,Renewable energy - overall,Percentage,Finland,2004,29.232,,
ESTAT:SDG_07_40(1.0),03-02-2026 11:00,Annual,Renewable energy - overall,Percentage,Finland,2005,28.814,,
ESTAT:SDG_07_40(1.0),03-02-2026 11:00,Annual,Renewable energy - overall,Percentage,Finland,2006,30.043,,
ESTAT:SDG_07_40(1.0),03-02-2026 11:00,Annual,Renewable energy - overall,Percentage,Finland,2007,29.561,,
ESTAT:SDG_07_40(1.0),03-02-2026 11:00,Annual,Renewable energy - overall,Percentage,Finland,2008,31.071,,
ESTAT:SDG_07_40(1.0),03-02-2026 11:00,Annual,Renewable energy - overall,Percentage,Finland,2009,31.045,,
ESTAT:SDG_07_40(1.0),03-02-2026 11:00,Annual,Renewable energy - overall,Percentage,Finland,2010,32.166,,
ESTAT:SDG_07_40(1.0),03-02-2026 11:00,Annual,Renewable energy - overall,Percentage,Finland,2011,32.532,,
ESTAT:SDG_07_40(1.0),03-02-2026 11:00,Annual,Renewable energy - overall,Percentage,Finland,2012,34.222,,
ESTAT:SDG_07_40(1.0),03-02-2026 11:00,Annual,Renewable energy - overall,Percentage,Finland,2013,36.63,,
ESTAT:SDG_07_40(1.0),03-02-2026 11:00,Annual,Renewable energy - overall,Percentage,Finland,2014,38.633,,
ESTAT:SDG_07_40(1.0),03-02-2026 11:00,Annual,Renewable energy - overall,Percentage,Finland,2015,39.23,,
ESTAT:SDG_07_40(1.0),03-02-2026 11:00,Annual,Renewable energy - overall,Percentage,Finland,2016,38.943,,
ESTAT:SDG_07_40(1.0),03-02-2026 11:00,Annual,Renewable energy - overall,Percentage,Finland,2017,40.857,,
ESTAT:SDG_07_40(1.0),03-02-2026 11:00,Annual,Renewable energy - overall,Percentage,Finland,2018,41.185,,
ESTAT:SDG_07_40(1.0),03-02-2026 11:00,Annual,Renewable energy - overall,Percentage,Finland,2019,42.807,,
ESTAT:SDG_07_40(1.0),03-02-2026 11:00,Annual,Renewable energy - overall,Percentage,Finland,2020,43.939,,
ESTAT:SDG_07_40(1.0),03-02-2026 11:00,Annual,Renewable energy - overall,Percentage,Finland,2021,42.819,,
ESTAT:SDG_07_40(1.0),03-02-2026 11:00,Annual,Renewable energy - overall,Percentage,Finland,2022,47.74,,
ESTAT:SDG_07_40(1.0),03-02-2026 11:00,Annual,Renewable energy - overall,Percentage,Finland,2023,50.784,,
ESTAT:SDG_07_40(1.0),03-02-2026 11:00,Annual,Renewable energy - overall,Percentage,Finland,2024,52.124,,
ESTAT:SDG_07_40(1.0),03-02-2026 11:00,Annual,Renewable energy - overall,Percentage,France,2004,9.319,,
ESTAT:SDG_07_40(1.0),03-02-2026 11:00,Annual,Renewable energy - overall,Percentage,France,2005,9.272,,
ESTAT:SDG_07_40(1.0),03-02-2026 11:00,Annual,Renewable energy - overall,Percentage,France,2006,8.936,,
ESTAT:SDG_07_40(1.0),03-02-2026 11:00,Annual,Renewable energy - overall,Percentage,France,2007,9.426,,
ESTAT:SDG_07_40(1.0),03-02-2026 11:00,Annual,Renewable energy - overall,Percentage,France,2008,11.188,,
ESTAT:SDG_07_40(1.0),03-02-2026 11:00,Annual,Renewable energy - overall,Percentage,France,2009,12.215,,
ESTAT:SDG_07_40(1.0),03-02-2026 11:00,Annual,Renewable energy - overall,Percentage,France,2010,12.671,,
ESTAT:SDG_07_40(1.0),03-02-2026 11:00,Annual,Renewable energy - overall,Percentage,France,2011,10.813,,
ESTAT:SDG_07_40(1.0),03-02-2026 11:00,Annual,Renewable energy - overall,Percentage,France,2012,13.239,,
ESTAT:SDG_07_40(1.0),03-02-2026 11:00,Annual,Renewable energy - overall,Percentage,France,2013,13.88,,
ESTAT:SDG_07_40(1.0),03-02-2026 11:00,Annual,Renewable energy - overall,Percentage,France,2014,14.362,,
ESTAT:SDG_07_40(1.0),03-02-2026 11:00,Annual,Renewable energy - overall,Percentage,France,2015,14.803,,
ESTAT:SDG_07_40(1.0),03-02-2026 11:00,Annual,Renewable energy - overall,Percentage,France,2016,15.451,,
ESTAT:SDG_07_40(1.0),03-02-2026 11:00,Annual,Renewable energy - overall,Percentage,France,2017,15.847,,
ESTAT:SDG_07_40(1.0),03-02-2026 11:00,Annual,Renewable energy - overall,Percentage,France,2018,16.384,,
ESTAT:SDG_07_40(1.0),03-02-2026 11:00,Annual,Renewable energy - overall,Percentage,France,2019,17.174,,
ESTAT:SDG_07_40(1.0),03-02-2026 11:00,Annual,Renewable energy - overall,Percentage,France,2020,19.109,,
ESTAT:SDG_07_40(1.0),03-02-2026 11:00,Annual,Renewable energy - overall,Percentage,France,2021,19.391,,
ESTAT:SDG_07_40(1.0),03-02-2026 11:00,Annual,Renewable energy - overall,Percentage,France,2022,20.33,,
ESTAT:SDG_07_40(1.0),03-02-2026 11:00,Annual,Renewable energy - overall,Percentage,France,2023,22.462,,
ESTAT:SDG_07_40(1.0),03-02-2026 11:00,Annual,Renewable energy - overall,Percentage,France,2024,23.229,,
ESTAT:SDG_07_40(1.0),03-02-2026 11:00,Annual,Renewable energy - overall,Percentage,Georgia,2021,18.292,,
ESTAT:SDG_07_40(1.0),03-02-2026 11:00,Annual,Renewable energy - overall,Percentage,Georgia,2022,18.141,,
ESTAT:SDG_07_40(1.0),03-02-2026 11:00,Annual,Renewable energy - overall,Percentage,Georgia,2023,19.85,,
ESTAT:SDG_07_40(1.0),03-02-2026 11:00,Annual,Renewable energy - overall,Percentage,Georgia,2024,19.452,,
ESTAT:SDG_07_40(1.0),03-02-2026 11:00,Annual,Renewable energy - overall,Percentage,Croatia,2004,23.404,,
ESTAT:SDG_07_40(1.0),03-02-2026 11:00,Annual,Renewable energy - overall,Percentage,Croatia,2005,23.691,,
ESTAT:SDG_07_40(1.0),03-02-2026 11:00,Annual,Renewable energy - overall,Percentage,Croatia,2006,22.668,,
ESTAT:SDG_07_40(1.0),03-02-2026 11:00,Annual,Renewable energy - overall,Percentage,Croatia,2007,22.161,,
ESTAT:SDG_07_40(1.0),03-02-2026 11:00,Annual,Renewable energy - overall,Percentage,Croatia,2008,21.986,,
ESTAT:SDG_07_40(1.0),03-02-2026 11:00,Annual,Renewable energy - overall,Percentage,Croatia,2009,23.596,,
ESTAT:SDG_07_40(1.0),03-02-2026 11:00,Annual,Renewable energy - overall,Percentage,Croatia,2010,25.103,,
ESTAT:SDG_07_40(1.0),03-02-2026 11:00,Annual,Renewable energy - overall,Percentage,Croatia,2011,25.389,,
ESTAT:SDG_07_40(1.0),03-02-2026 11:00,Annual,Renewable energy - overall,Percentage,Croatia,2012,26.757,,
ESTAT:SDG_07_40(1.0),03-02-2026 11:00,Annual,Renewable energy - overall,Percentage,Croatia,2013,28.04,,
ESTAT:SDG_07_40(1.0),03-02-2026 11:00,Annual,Renewable energy - overall,Percentage,Croatia,2014,27.817,,
ESTAT:SDG_07_40(1.0),03-02-2026 11:00,Annual,Renewable energy - overall,Percentage,Croatia,2015,28.969,,
ESTAT:SDG_07_40(1.0),03-02-2026 11:00,Annual,Renewable energy - overall,Percentage,Croatia,2016,28.266,,
ESTAT:SDG_07_40(1.0),03-02-2026 11:00,Annual,Renewable energy - overall,Percentage,Croatia,2017,27.28,,
ESTAT:SDG_07_40(1.0),03-02-2026 11:00,Annual,Renewable energy - overall,Percentage,Croatia,2018,28.047,,
ESTAT:SDG_07_40(1.0),03-02-2026 11:00,Annual,Renewable energy - overall,Percentage,Croatia,2019,28.466,,
ESTAT:SDG_07_40(1.0),03-02-2026 11:00,Annual,Renewable energy - overall,Percentage,Croatia,2020,31.023,,
ESTAT:SDG_07_40(1.0),03-02-2026 11:00,Annual,Renewable energy - overall,Percentage,Croatia,2021,31.285,,
ESTAT:SDG_07_40(1.0),03-02-2026 11:00,Annual,Renewable energy - overall,Percentage,Croatia,2022,28.088,,
ESTAT:SDG_07_40(1.0),03-02-2026 11:00,Annual,Renewable energy - overall,Percentage,Croatia,2023,28.088,,
ESTAT:SDG_07_40(1.0),03-02-2026 11:00,Annual,Renewable energy - overall,Percentage,Croatia,2024,26.477,,
ESTAT:SDG_07_40(1.0),03-02-2026 11:00,Annual,Renewable energy - overall,Percentage,Hungary,2004,4.364,,
ESTAT:SDG_07_40(1.0),03-02-2026 11:00,Annual,Renewable energy - overall,Percentage,Hungary,2005,6.931,,
ESTAT:SDG_07_40(1.0),03-02-2026 11:00,Annual,Renewable energy - overall,Percentage,Hungary,2006,7.433,,
ESTAT:SDG_07_40(1.0),03-02-2026 11:00,Annual,Renewable energy - overall,Percentage,Hungary,2007,8.575,,
ESTAT:SDG_07_40(1.0),03-02-2026 11:00,Annual,Renewable energy - overall,Percentage,Hungary,2008,8.564,,
ESTAT:SDG_07_40(1.0),03-02-2026 11:00,Annual,Renewable energy - overall,Percentage,Hungary,2009,11.673,,
ESTAT:SDG_07_40(1.0),03-02-2026 11:00,Annual,Renewable energy - overall,Percentage,Hungary,2010,12.742,,
ESTAT:SDG_07_40(1.0),03-02-2026 11:00,Annual,Renewable energy - overall,Percentage,Hungary,2011,13.972,,
ESTAT:SDG_07_40(1.0),03-02-2026 11:00,Annual,Renewable energy - overall,Percentage,Hungary,2012,15.53,,
ESTAT:SDG_07_40(1.0),03-02-2026 11:00,Annual,Renewable energy - overall,Percentage,Hungary,2013,16.205,,
ESTAT:SDG_07_40(1.0),03-02-2026 11:00,Annual,Renewable energy - overall,Percentage,Hungary,2014,14.618,,
ESTAT:SDG_07_40(1.0),03-02-2026 11:00,Annual,Renewable energy - overall,Percentage,Hungary,2015,14.495,,
ESTAT:SDG_07_40(1.0),03-02-2026 11:00,Annual,Renewable energy - overall,Percentage,Hungary,2016,14.377,,
ESTAT:SDG_07_40(1.0),03-02-2026 11:00,Annual,Renewable energy - overall,Percentage,Hungary,2017,13.556,,
ESTAT:SDG_07_40(1.0),03-02-2026 11:00,Annual,Renewable energy - overall,Percentage,Hungary,2018,12.548,,
ESTAT:SDG_07_40(1.0),03-02-2026 11:00,Annual,Renewable energy - overall,Percentage,Hungary,2019,12.634,,
ESTAT:SDG_07_40(1.0),03-02-2026 11:00,Annual,Renewable energy - overall,Percentage,Hungary,2020,13.85,,
ESTAT:SDG_07_40(1.0),03-02-2026 11:00,Annual,Renewable energy - overall,Percentage,Hungary,2021,14.134,,
ESTAT:SDG_07_40(1.0),03-02-2026 11:00,Annual,Renewable energy - overall,Percentage,Hungary,2022,15.128,,
ESTAT:SDG_07_40(1.0),03-02-2026 11:00,Annual,Renewable energy - overall,Percentage,Hungary,2023,17.117,,
ESTAT:SDG_07_40(1.0),03-02-2026 11:00,Annual,Renewable energy - overall,Percentage,Hungary,2024,18.264,,
ESTAT:SDG_07_40(1.0),03-02-2026 11:00,Annual,Renewable energy - overall,Percentage,Ireland,2004,2.378,,
ESTAT:SDG_07_40(1.0),03-02-2026 11:00,Annual,Renewable energy - overall,Percentage,Ireland,2005,2.822,,
ESTAT:SDG_07_40(1.0),03-02-2026 11:00,Annual,Renewable energy - overall,Percentage,Ireland,2006,3.073,,
ESTAT:SDG_07_40(1.0),03-02-2026 11:00,Annual,Renewable energy - overall,Percentage,Ireland,2007,3.497,,
ESTAT:SDG_07_40(1.0),03-02-2026 11:00,Annual,Renewable energy - overall,Percentage,Ireland,2008,3.979,,
ESTAT:SDG_07_40(1.0),03-02-2026 11:00,Annual,Renewable energy - overall,Percentage,Ireland,2009,5.243,,
ESTAT:SDG_07_40(1.0),03-02-2026 11:00,Annual,Renewable energy - overall,Percentage,Ireland,2010,5.755,,
ESTAT:SDG_07_40(1.0),03-02-2026 11:00,Annual,Renewable energy - overall,Percentage,Ireland,2011,6.605,,
ESTAT:SDG_07_40(1.0),03-02-2026 11:00,Annual,Renewable energy - overall,Percentage,Ireland,2012,7.029,,
ESTAT:SDG_07_40(1.0),03-02-2026 11:00,Annual,Renewable energy - overall,Percentage,Ireland,2013,7.521,,
ESTAT:SDG_07_40(1.0),03-02-2026 11:00,Annual,Renewable energy - overall,Percentage,Ireland,2014,8.516,,
ESTAT:SDG_07_40(1.0),03-02-2026 11:00,Annual,Renewable energy - overall,Percentage,Ireland,2015,9.083,,
ESTAT:SDG_07_40(1.0),03-02-2026 11:00,Annual,Renewable energy - overall,Percentage,Ireland,2016,9.189,,
ESTAT:SDG_07_40(1.0),03-02-2026 11:00,Annual,Renewable energy - overall,Percentage,Ireland,2017,10.52,,
ESTAT:SDG_07_40(1.0),03-02-2026 11:00,Annual,Renewable energy - overall,Percentage,Ireland,2018,10.942,,
ESTAT:SDG_07_40(1.0),03-02-2026 11:00,Annual,Renewable energy - overall,Percentage,Ireland,2019,11.979,,
ESTAT:SDG_07_40(1.0),03-02-2026 11:00,Annual,Renewable energy - overall,Percentage,Ireland,2020,16.16,,
ESTAT:SDG_07_40(1.0),03-02-2026 11:00,Annual,Renewable energy - overall,Percentage,Ireland,2021,12.945,,
ESTAT:SDG_07_40(1.0),03-02-2026 11:00,Annual,Renewable energy - overall,Percentage,Ireland,2022,13.017,,
ESTAT:SDG_07_40(1.0),03-02-2026 11:00,Annual,Renewable energy - overall,Percentage,Ireland,2023,15.243,,
ESTAT:SDG_07_40(1.0),03-02-2026 11:00,Annual,Renewable energy - overall,Percentage,Ireland,2024,16.064,,
ESTAT:SDG_07_40(1.0),03-02-2026 11:00,Annual,Renewable energy - overall,Percentage,Iceland,2004,58.899,,
ESTAT:SDG_07_40(1.0),03-02-2026 11:00,Annual,Renewable energy - overall,Percentage,Iceland,2005,60.27,,
ESTAT:SDG_07_40(1.0),03-02-2026 11:00,Annual,Renewable energy - overall,Percentage,Iceland,2006,60.921,,
ESTAT:SDG_07_40(1.0),03-02-2026 11:00,Annual,Renewable energy - overall,Percentage,Iceland,2007,71.925,,
ESTAT:SDG_07_40(1.0),03-02-2026 11:00,Annual,Renewable energy - overall,Percentage,Iceland,2008,67.981,,
ESTAT:SDG_07_40(1.0),03-02-2026 11:00,Annual,Renewable energy - overall,Percentage,Iceland,2009,70.238,,
ESTAT:SDG_07_40(1.0),03-02-2026 11:00,Annual,Renewable energy - overall,Percentage,Iceland,2010,70.909,,
ESTAT:SDG_07_40(1.0),03-02-2026 11:00,Annual,Renewable energy - overall,Percentage,Iceland,2011,72.298,,
ESTAT:SDG_07_40(1.0),03-02-2026 11:00,Annual,Renewable energy - overall,Percentage,Iceland,2012,73.727,,
ESTAT:SDG_07_40(1.0),03-02-2026 11:00,Annual,Renewable energy - overall,Percentage,Iceland,2013,73.787,,
ESTAT:SDG_07_40(1.0),03-02-2026 11:00,Annual,Renewable energy - overall,Percentage,Iceland,2014,73.043,,
ESTAT:SDG_07_40(1.0),03-02-2026 11:00,Annual,Renewable energy - overall,Percentage,Iceland,2015,71.949,,
ESTAT:SDG_07_40(1.0),03-02-2026 11:00,Annual,Renewable energy - overall,Percentage,Iceland,2016,75.329,,
ESTAT:SDG_07_40(1.0),03-02-2026 11:00,Annual,Renewable energy - overall,Percentage,Iceland,2017,74.104,,
ESTAT:SDG_07_40(1.0),03-02-2026 11:00,Annual,Renewable energy - overall,Percentage,Iceland,2018,77.173,,
ESTAT:SDG_07_40(1.0),03-02-2026 11:00,Annual,Renewable energy - overall,Percentage,Iceland,2019,78.612,,
ESTAT:SDG_07_40(1.0),03-02-2026 11:00,Annual,Renewable energy - overall,Percentage,Iceland,2020,83.725,,
ESTAT:SDG_07_40(1.0),03-02-2026 11:00,Annual,Renewable energy - overall,Percentage,Iceland,2021,79.618,,
ESTAT:SDG_07_40(1.0),03-02-2026 11:00,Annual,Renewable energy - overall,Percentage,Iceland,2022,78.735,,
ESTAT:SDG_07_40(1.0),03-02-2026 11:00,Annual,Renewable energy - overall,Percentage,Iceland,2023,79.444,,
ESTAT:SDG_07_40(1.0),03-02-2026 11:00,Annual,Renewable energy - overall,Percentage,Iceland,2024,79.332,,
ESTAT:SDG_07_40(1.0),03-02-2026 11:00,Annual,Renewable energy - overall,Percentage,Italy,2004,6.316,,
ESTAT:SDG_07_40(1.0),03-02-2026 11:00,Annual,Renewable energy - overall,Percentage,Italy,2005,7.549,,
ESTAT:SDG_07_40(1.0),03-02-2026 11:00,Annual,Renewable energy - overall,Percentage,Italy,2006,8.328,,
ESTAT:SDG_07_40(1.0),03-02-2026 11:00,Annual,Renewable energy - overall,Percentage,Italy,2007,9.807,,
ESTAT:SDG_07_40(1.0),03-02-2026 11:00,Annual,Renewable energy - overall,Percentage,Italy,2008,11.492,,
ESTAT:SDG_07_40(1.0),03-02-2026 11:00,Annual,Renewable energy - overall,Percentage,Italy,2009,12.775,,
ESTAT:SDG_07_40(1.0),03-02-2026 11:00,Annual,Renewable energy - overall,Percentage,Italy,2010,13.023,,
ESTAT:SDG_07_40(1.0),03-02-2026 11:00,Annual,Renewable energy - overall,Percentage,Italy,2011,12.881,,
ESTAT:SDG_07_40(1.0),03-02-2026 11:00,Annual,Renewable energy - overall,Percentage,Italy,2012,15.441,,
ESTAT:SDG_07_40(1.0),03-02-2026 11:00,Annual,Renewable energy - overall,Percentage,Italy,2013,16.741,,
ESTAT:SDG_07_40(1.0),03-02-2026 11:00,Annual,Renewable energy - overall,Percentage,Italy,2014,17.082,,
ESTAT:SDG_07_40(1.0),03-02-2026 11:00,Annual,Renewable energy - overall,Percentage,Italy,2015,17.525,,
ESTAT:SDG_07_40(1.0),03-02-2026 11:00,Annual,Renewable energy - overall,Percentage,Italy,2016,17.415,,
ESTAT:SDG_07_40(1.0),03-02-2026 11:00,Annual,Renewable energy - overall,Percentage,Italy,2017,18.267,,
ESTAT:SDG_07_40(1.0),03-02-2026 11:00,Annual,Renewable energy - overall,Percentage,Italy,2018,17.796,,
ESTAT:SDG_07_40(1.0),03-02-2026 11:00,Annual,Renewable energy - overall,Percentage,Italy,2019,18.181,,
ESTAT:SDG_07_40(1.0),03-02-2026 11:00,Annual,Renewable energy - overall,Percentage,Italy,2020,20.359,,
ESTAT:SDG_07_40(1.0),03-02-2026 11:00,Annual,Renewable energy - overall,Percentage,Italy,2021,18.888,,
ESTAT:SDG_07_40(1.0),03-02-2026 11:00,Annual,Renewable energy - overall,Percentage,Italy,2022,18.826,,
ESTAT:SDG_07_40(1.0),03-02-2026 11:00,Annual,Renewable energy - overall,Percentage,Italy,2023,19.179,,
ESTAT:SDG_07_40(1.0),03-02-2026 11:00,Annual,Renewable energy - overall,Percentage,Italy,2024,19.385,,
ESTAT:SDG_07_40(1.0),03-02-2026 11:00,Annual,Renewable energy - overall,Percentage,Lithuania,2004,17.221,,
ESTAT:SDG_07_40(1.0),03-02-2026 11:00,Annual,Renewable energy - overall,Percentage,Lithuania,2005,16.768,,
ESTAT:SDG_07_40(1.0),03-02-2026 11:00,Annual,Renewable energy - overall,Percentage,Lithuania,2006,16.887,,
ESTAT:SDG_07_40(1.0),03-02-2026 11:00,Annual,Renewable energy - overall,Percentage,Lithuania,2007,16.482,,
ESTAT:SDG_07_40(1.0),03-02-2026 11:00,Annual,Renewable energy - overall,Percentage,Lithuania,2008,17.824,,
ESTAT:SDG_07_40(1.0),03-02-2026 11:00,Annual,Renewable energy - overall,Percentage,Lithuania,2009,19.798,,
ESTAT:SDG_07_40(1.0),03-02-2026 11:00,Annual,Renewable energy - overall,Percentage,Lithuania,2010,19.639,,
ESTAT:SDG_07_40(1.0),03-02-2026 11:00,Annual,Renewable energy - overall,Percentage,Lithuania,2011,19.943,,
ESTAT:SDG_07_40(1.0),03-02-2026 11:00,Annual,Renewable energy - overall,Percentage,Lithuania,2012,21.437,,
ESTAT:SDG_07_40(1.0),03-02-2026 11:00,Annual,Renewable energy - overall,Percentage,Lithuania,2013,22.689,,
ESTAT:SDG_07_40(1.0),03-02-2026 11:00,Annual,Renewable energy - overall,Percentage,Lithuania,2014,23.592,,
ESTAT:SDG_07_40(1.0),03-02-2026 11:00,Annual,Renewable energy - overall,Percentage,Lithuania,2015,25.748,,
ESTAT:SDG_07_40(1.0),03-02-2026 11:00,Annual,Renewable energy - overall,Percentage,Lithuania,2016,25.612,,
ESTAT:SDG_07_40(1.0),03-02-2026 11:00,Annual,Renewable energy - overall,Percentage,Lithuania,2017,26.038,,
ESTAT:SDG_07_40(1.0),03-02-2026 11:00,Annual,Renewable energy - overall,Percentage,Lithuania,2018,24.695,,
ESTAT:SDG_07_40(1.0),03-02-2026 11:00,Annual,Renewable energy - overall,Percentage,Lithuania,2019,25.474,,
ESTAT:SDG_07_40(1.0),03-02-2026 11:00,Annual,Renewable energy - overall,Percentage,Lithuania,2020,26.773,,
ESTAT:SDG_07_40(1.0),03-02-2026 11:00,Annual,Renewable energy - overall,Percentage,Lithuania,2021,28.167,,
ESTAT:SDG_07_40(1.0),03-02-2026 11:00,Annual,Renewable energy - overall,Percentage,Lithuania,2022,29.599,,
ESTAT:SDG_07_40(1.0),03-02-2026 11:00,Annual,Renewable energy - overall,Percentage,Lithuania,2023,31.927,,
ESTAT:SDG_07_40(1.0),03-02-2026 11:00,Annual,Renewable energy - overall,Percentage,Lithuania,2024,35.408,,
ESTAT:SDG_07_40(1.0),03-02-2026 11:00,Annual,Renewable energy - overall,Percentage,Luxembourg,2004,0.899,,
ESTAT:SDG_07_40(1.0),03-02-2026 11:00,Annual,Renewable energy - overall,Percentage,Luxembourg,2005,1.402,,
ESTAT:SDG_07_40(1.0),03-02-2026 11:00,Annual,Renewable energy - overall,Percentage,Luxembourg,2006,1.469,,
ESTAT:SDG_07_40(1.0),03-02-2026 11:00,Annual,Renewable energy - overall,Percentage,Luxembourg,2007,2.725,,
ESTAT:SDG_07_40(1.0),03-02-2026 11:00,Annual,Renewable energy - overall,Percentage,Luxembourg,2008,2.809,,
ESTAT:SDG_07_40(1.0),03-02-2026 11:00,Annual,Renewable energy - overall,Percentage,Luxembourg,2009,2.929,,
ESTAT:SDG_07_40(1.0),03-02-2026 11:00,Annual,Renewable energy - overall,Percentage,Luxembourg,2010,2.851,,
ESTAT:SDG_07_40(1.0),03-02-2026 11:00,Annual,Renewable energy - overall,Percentage,Luxembourg,2011,2.855,,
ESTAT:SDG_07_40(1.0),03-02-2026 11:00,Annual,Renewable energy - overall,Percentage,Luxembourg,2012,3.112,,
ESTAT:SDG_07_40(1.0),03-02-2026 11:00,Annual,Renewable energy - overall,Percentage,Luxembourg,2013,3.494,,
ESTAT:SDG_07_40(1.0),03-02-2026 11:00,Annual,Renewable energy - overall,Percentage,Luxembourg,2014,4.471,,
ESTAT:SDG_07_40(1.0),03-02-2026 11:00,Annual,Renewable energy - overall,Percentage,Luxembourg,2015,4.987,,
ESTAT:SDG_07_40(1.0),03-02-2026 11:00,Annual,Renewable energy - overall,Percentage,Luxembourg,2016,5.364,,
ESTAT:SDG_07_40(1.0),03-02-2026 11:00,Annual,Renewable energy - overall,Percentage,Luxembourg,2017,6.194,,
ESTAT:SDG_07_40(1.0),03-02-2026 11:00,Annual,Renewable energy - overall,Percentage,Luxembourg,2018,8.942,,
ESTAT:SDG_07_40(1.0),03-02-2026 11:00,Annual,Renewable energy - overall,Percentage,Luxembourg,2019,7.046,,
ESTAT:SDG_07_40(1.0),03-02-2026 11:00,Annual,Renewable energy - overall,Percentage,Luxembourg,2020,11.699,,
ESTAT:SDG_07_40(1.0),03-02-2026 11:00,Annual,Renewable energy - overall,Percentage,Luxembourg,2021,11.713,,
ESTAT:SDG_07_40(1.0),03-02-2026 11:00,Annual,Renewable energy - overall,Percentage,Luxembourg,2022,14.286,,
ESTAT:SDG_07_40(1.0),03-02-2026 11:00,Annual,Renewable energy - overall,Percentage,Luxembourg,2023,14.312,,
ESTAT:SDG_07_40(1.0),03-02-2026 11:00,Annual,Renewable energy - overall,Percentage,Luxembourg,2024,14.742,,
ESTAT:SDG_07_40(1.0),03-02-2026 11:00,Annual,Renewable energy - overall,Percentage,Latvia,2004,32.794,,
ESTAT:SDG_07_40(1.0),03-02-2026 11:00,Annual,Renewable energy - overall,Percentage,Latvia,2005,32.264,,
ESTAT:SDG_07_40(1.0),03-02-2026 11:00,Annual,Renewable energy - overall,Percentage,Latvia,2006,31.141,,
ESTAT:SDG_07_40(1.0),03-02-2026 11:00,Annual,Renewable energy - overall,Percentage,Latvia,2007,29.615,,
ESTAT:SDG_07_40(1.0),03-02-2026 11:00,Annual,Renewable energy - overall,Percentage,Latvia,2008,29.811,,
ESTAT:SDG_07_40(1.0),03-02-2026 11:00,Annual,Renewable energy - overall,Percentage,Latvia,2009,34.317,,
ESTAT:SDG_07_40(1.0),03-02-2026 11:00,Annual,Renewable energy - overall,Percentage,Latvia,2010,30.375,,
ESTAT:SDG_07_40(1.0),03-02-2026 11:00,Annual,Renewable energy - overall,Percentage,Latvia,2011,33.478,,
ESTAT:SDG_07_40(1.0),03-02-2026 11:00,Annual,Renewable energy - overall,Percentage,Latvia,2012,35.709,,
ESTAT:SDG_07_40(1.0),03-02-2026 11:00,Annual,Renewable energy - overall,Percentage,Latvia,2013,37.037,,
ESTAT:SDG_07_40(1.0),03-02-2026 11:00,Annual,Renewable energy - overall,Percentage,Latvia,2014,38.629,,
ESTAT:SDG_07_40(1.0),03-02-2026 11:00,Annual,Renewable energy - overall,Percentage,Latvia,2015,37.538,,
ESTAT:SDG_07_40(1.0),03-02-2026 11:00,Annual,Renewable energy - overall,Percentage,Latvia,2016,37.138,,
ESTAT:SDG_07_40(1.0),03-02-2026 11:00,Annual,Renewable energy - overall,Percentage,Latvia,2017,39.008,,
ESTAT:SDG_07_40(1.0),03-02-2026 11:00,Annual,Renewable energy - overall,Percentage,Latvia,2018,40.019,,
ESTAT:SDG_07_40(1.0),03-02-2026 11:00,Annual,Renewable energy - overall,Percentage,Latvia,2019,40.929,,
ESTAT:SDG_07_40(1.0),03-02-2026 11:00,Annual,Renewable energy - overall,Percentage,Latvia,2020,42.132,,
ESTAT:SDG_07_40(1.0),03-02-2026 11:00,Annual,Renewable energy - overall,Percentage,Latvia,2021,42.112,,
ESTAT:SDG_07_40(1.0),03-02-2026 11:00,Annual,Renewable energy - overall,Percentage,Latvia,2022,43.786,,
ESTAT:SDG_07_40(1.0),03-02-2026 11:00,Annual,Renewable energy - overall,Percentage,Latvia,2023,43.25,,
ESTAT:SDG_07_40(1.0),03-02-2026 11:00,Annual,Renewable energy - overall,Percentage,Latvia,2024,45.535,,
ESTAT:SDG_07_40(1.0),03-02-2026 11:00,Annual,Renewable energy - overall,Percentage,Moldova,2004,7.45,,
ESTAT:SDG_07_40(1.0),03-02-2026 11:00,Annual,Renewable energy - overall,Percentage,Moldova,2005,6.402,,
ESTAT:SDG_07_40(1.0),03-02-2026 11:00,Annual,Renewable energy - overall,Percentage,Moldova,2006,6.96,,
ESTAT:SDG_07_40(1.0),03-02-2026 11:00,Annual,Renewable energy - overall,Percentage,Moldova,2007,6.443,,
ESTAT:SDG_07_40(1.0),03-02-2026 11:00,Annual,Renewable energy - overall,Percentage,Moldova,2008,6.994,,
ESTAT:SDG_07_40(1.0),03-02-2026 11:00,Annual,Renewable energy - overall,Percentage,Moldova,2009,7.924,,
ESTAT:SDG_07_40(1.0),03-02-2026 11:00,Annual,Renewable energy - overall,Percentage,Moldova,2010,21.369,,
ESTAT:SDG_07_40(1.0),03-02-2026 11:00,Annual,Renewable energy - overall,Percentage,Moldova,2011,22.081,,
ESTAT:SDG_07_40(1.0),03-02-2026 11:00,Annual,Renewable energy - overall,Percentage,Moldova,2012,24.328,,
ESTAT:SDG_07_40(1.0),03-02-2026 11:00,Annual,Renewable energy - overall,Percentage,Moldova,2013,24.419,,
ESTAT:SDG_07_40(1.0),03-02-2026 11:00,Annual,Renewable energy - overall,Percentage,Moldova,2014,26.169,,
ESTAT:SDG_07_40(1.0),03-02-2026 11:00,Annual,Renewable energy - overall,Percentage,Moldova,2015,26.173,,
ESTAT:SDG_07_40(1.0),03-02-2026 11:00,Annual,Renewable energy - overall,Percentage,Moldova,2016,26.888,,
ESTAT:SDG_07_40(1.0),03-02-2026 11:00,Annual,Renewable energy - overall,Percentage,Moldova,2017,27.836,,
ESTAT:SDG_07_40(1.0),03-02-2026 11:00,Annual,Renewable energy - overall,Percentage,Moldova,2018,27.476,,
ESTAT:SDG_07_40(1.0),03-02-2026 11:00,Annual,Renewable energy - overall,Percentage,Moldova,2019,23.843,,
ESTAT:SDG_07_40(1.0),03-02-2026 11:00,Annual,Renewable energy - overall,Percentage,Moldova,2020,25.057,,
ESTAT:SDG_07_40(1.0),03-02-2026 11:00,Annual,Renewable energy - overall,Percentage,Moldova,2021,22.203,,
ESTAT:SDG_07_40(1.0),03-02-2026 11:00,Annual,Renewable energy - overall,Percentage,Moldova,2022,21.54,,
ESTAT:SDG_07_40(1.0),03-02-2026 11:00,Annual,Renewable energy - overall,Percentage,Moldova,2023,22.995,,
ESTAT:SDG_07_40(1.0),03-02-2026 11:00,Annual,Renewable energy - overall,Percentage,Moldova,2024,20.769,,
ESTAT:SDG_07_40(1.0),03-02-2026 11:00,Annual,Renewable energy - overall,Percentage,Montenegro,2005,35.694,,
ESTAT:SDG_07_40(1.0),03-02-2026 11:00,Annual,Renewable energy - overall,Percentage,Montenegro,2006,34.842,,
ESTAT:SDG_07_40(1.0),03-02-2026 11:00,Annual,Renewable energy - overall,Percentage,Montenegro,2007,32.925,,
ESTAT:SDG_07_40(1.0),03-02-2026 11:00,Annual,Renewable energy - overall,Percentage,Montenegro,2008,32.29,,
ESTAT:SDG_07_40(1.0),03-02-2026 11:00,Annual,Renewable energy - overall,Percentage,Montenegro,2009,39.371,,
ESTAT:SDG_07_40(1.0),03-02-2026 11:00,Annual,Renewable energy - overall,Percentage,Montenegro,2010,40.64,,
ESTAT:SDG_07_40(1.0),03-02-2026 11:00,Annual,Renewable energy - overall,Percentage,Montenegro,2011,40.648,,
ESTAT:SDG_07_40(1.0),03-02-2026 11:00,Annual,Renewable energy - overall,Percentage,Montenegro,2012,41.513,,
ESTAT:SDG_07_40(1.0),03-02-2026 11:00,Annual,Renewable energy - overall,Percentage,Montenegro,2013,43.696,,
ESTAT:SDG_07_40(1.0),03-02-2026 11:00,Annual,Renewable energy - overall,Percentage,Montenegro,2014,44.098,,
ESTAT:SDG_07_40(1.0),03-02-2026 11:00,Annual,Renewable energy - overall,Percentage,Montenegro,2015,43.073,,
ESTAT:SDG_07_40(1.0),03-02-2026 11:00,Annual,Renewable energy - overall,Percentage,Montenegro,2016,41.529,,
ESTAT:SDG_07_40(1.0),03-02-2026 11:00,Annual,Renewable energy - overall,Percentage,Montenegro,2017,39.693,,
ESTAT:SDG_07_40(1.0),03-02-2026 11:00,Annual,Renewable energy - overall,Percentage,Montenegro,2018,38.801,,
ESTAT:SDG_07_40(1.0),03-02-2026 11:00,Annual,Renewable energy - overall,Percentage,Montenegro,2019,37.722,,
ESTAT:SDG_07_40(1.0),03-02-2026 11:00,Annual,Renewable energy - overall,Percentage,Montenegro,2020,43.77,,
ESTAT:SDG_07_40(1.0),03-02-2026 11:00,Annual,Renewable energy - overall,Percentage,Montenegro,2021,39.891,,
ESTAT:SDG_07_40(1.0),03-02-2026 11:00,Annual,Renewable energy - overall,Percentage,Montenegro,2022,41.064,,
ESTAT:SDG_07_40(1.0),03-02-2026 11:00,Annual,Renewable energy - overall,Percentage,Montenegro,2023,40.883,,
ESTAT:SDG_07_40(1.0),03-02-2026 11:00,Annual,Renewable energy - overall,Percentage,Montenegro,2024,40.822,,
ESTAT:SDG_07_40(1.0),03-02-2026 11:00,Annual,Renewable energy - overall,Percentage,North Macedonia,2004,15.702,,
ESTAT:SDG_07_40(1.0),03-02-2026 11:00,Annual,Renewable energy - overall,Percentage,North Macedonia,2005,16.466,,
ESTAT:SDG_07_40(1.0),03-02-2026 11:00,Annual,Renewable energy - overall,Percentage,North Macedonia,2006,16.527,,
ESTAT:SDG_07_40(1.0),03-02-2026 11:00,Annual,Renewable energy - overall,Percentage,North Macedonia,2007,14.976,,
ESTAT:SDG_07_40(1.0),03-02-2026 11:00,Annual,Renewable energy - overall,Percentage,North Macedonia,2008,15.555,,
ESTAT:SDG_07_40(1.0),03-02-2026 11:00,Annual,Renewable energy - overall,Percentage,North Macedonia,2009,17.238,,
ESTAT:SDG_07_40(1.0),03-02-2026 11:00,Annual,Renewable energy - overall,Percentage,North Macedonia,2010,16.451,,
ESTAT:SDG_07_40(1.0),03-02-2026 11:00,Annual,Renewable energy - overall,Percentage,North Macedonia,2011,16.407,,
ESTAT:SDG_07_40(1.0),03-02-2026 11:00,Annual,Renewable energy - overall,Percentage,North Macedonia,2012,18.128,,
ESTAT:SDG_07_40(1.0),03-02-2026 11:00,Annual,Renewable energy - overall,Percentage,North Macedonia,2013,18.509,,
ESTAT:SDG_07_40(1.0),03-02-2026 11:00,Annual,Renewable energy - overall,Percentage,North Macedonia,2014,19.559,,
ESTAT:SDG_07_40(1.0),03-02-2026 11:00,Annual,Renewable energy - overall,Percentage,North Macedonia,2015,19.526,,
ESTAT:SDG_07_40(1.0),03-02-2026 11:00,Annual,Renewable energy - overall,Percentage,North Macedonia,2016,18.044,,
ESTAT:SDG_07_40(1.0),03-02-2026 11:00,Annual,Renewable energy - overall,Percentage,North Macedonia,2017,19.636,,
ESTAT:SDG_07_40(1.0),03-02-2026 11:00,Annual,Renewable energy - overall,Percentage,North Macedonia,2018,18.179,,
ESTAT:SDG_07_40(1.0),03-02-2026 11:00,Annual,Renewable energy - overall,Percentage,North Macedonia,2019,17.485,,
ESTAT:SDG_07_40(1.0),03-02-2026 11:00,Annual,Renewable energy - overall,Percentage,North Macedonia,2020,19.222,,
ESTAT:SDG_07_40(1.0),03-02-2026 11:00,Annual,Renewable energy - overall,Percentage,North Macedonia,2021,19.115,,
ESTAT:SDG_07_40(1.0),03-02-2026 11:00,Annual,Renewable energy - overall,Percentage,North Macedonia,2022,20.01,,
ESTAT:SDG_07_40(1.0),03-02-2026 11:00,Annual,Renewable energy - overall,Percentage,North Macedonia,2023,20.207,,
ESTAT:SDG_07_40(1.0),03-02-2026 11:00,Annual,Renewable energy - overall,Percentage,North Macedonia,2024,21.811,,
ESTAT:SDG_07_40(1.0),03-02-2026 11:00,Annual,Renewable energy - overall,Percentage,Malta,2004,0.102,,
ESTAT:SDG_07_40(1.0),03-02-2026 11:00,Annual,Renewable energy - overall,Percentage,Malta,2005,0.123,,
ESTAT:SDG_07_40(1.0),03-02-2026 11:00,Annual,Renewable energy - overall,Percentage,Malta,2006,0.149,,
ESTAT:SDG_07_40(1.0),03-02-2026 11:00,Annual,Renewable energy - overall,Percentage,Malta,2007,0.177,,
ESTAT:SDG_07_40(1.0),03-02-2026 11:00,Annual,Renewable energy - overall,Percentage,Malta,2008,0.195,,
ESTAT:SDG_07_40(1.0),03-02-2026 11:00,Annual,Renewable energy - overall,Percentage,Malta,2009,0.221,,
ESTAT:SDG_07_40(1.0),03-02-2026 11:00,Annual,Renewable energy - overall,Percentage,Malta,2010,0.979,,
ESTAT:SDG_07_40(1.0),03-02-2026 11:00,Annual,Renewable energy - overall,Percentage,Malta,2011,1.85,,
ESTAT:SDG_07_40(1.0),03-02-2026 11:00,Annual,Renewable energy - overall,Percentage,Malta,2012,2.862,,
ESTAT:SDG_07_40(1.0),03-02-2026 11:00,Annual,Renewable energy - overall,Percentage,Malta,2013,3.76,,
ESTAT:SDG_07_40(1.0),03-02-2026 11:00,Annual,Renewable energy - overall,Percentage,Malta,2014,4.744,,
ESTAT:SDG_07_40(1.0),03-02-2026 11:00,Annual,Renewable energy - overall,Percentage,Malta,2015,5.119,,
ESTAT:SDG_07_40(1.0),03-02-2026 11:00,Annual,Renewable energy - overall,Percentage,Malta,2016,6.208,,
ESTAT:SDG_07_40(1.0),03-02-2026 11:00,Annual,Renewable energy - overall,Percentage,Malta,2017,7.219,,
ESTAT:SDG_07_40(1.0),03-02-2026 11:00,Annual,Renewable energy - overall,Percentage,Malta,2018,7.914,,
ESTAT:SDG_07_40(1.0),03-02-2026 11:00,Annual,Renewable energy - overall,Percentage,Malta,2019,8.23,,
ESTAT:SDG_07_40(1.0),03-02-2026 11:00,Annual,Renewable energy - overall,Percentage,Malta,2020,10.714,,
ESTAT:SDG_07_40(1.0),03-02-2026 11:00,Annual,Renewable energy - overall,Percentage,Malta,2021,12.631,,
ESTAT:SDG_07_40(1.0),03-02-2026 11:00,Annual,Renewable energy - overall,Percentage,Malta,2022,14.04,,
ESTAT:SDG_07_40(1.0),03-02-2026 11:00,Annual,Renewable energy - overall,Percentage,Malta,2023,15.437,,
ESTAT:SDG_07_40(1.0),03-02-2026 11:00,Annual,Renewable energy - overall,Percentage,Malta,2024,17.21,,
ESTAT:SDG_07_40(1.0),03-02-2026 11:00,Annual,Renewable energy - overall,Percentage,Netherlands,2004,2.03,,
ESTAT:SDG_07_40(1.0),03-02-2026 11:00,Annual,Renewable energy - overall,Percentage,Netherlands,2005,2.478,,
ESTAT:SDG_07_40(1.0),03-02-2026 11:00,Annual,Renewable energy - overall,Percentage,Netherlands,2006,2.778,,
ESTAT:SDG_07_40(1.0),03-02-2026 11:00,Annual,Renewable energy - overall,Percentage,Netherlands,2007,3.298,,
ESTAT:SDG_07_40(1.0),03-02-2026 11:00,Annual,Renewable energy - overall,Percentage,Netherlands,2008,3.596,,
ESTAT:SDG_07_40(1.0),03-02-2026 11:00,Annual,Renewable energy - overall,Percentage,Netherlands,2009,4.266,,
ESTAT:SDG_07_40(1.0),03-02-2026 11:00,Annual,Renewable energy - overall,Percentage,Netherlands,2010,3.917,,
ESTAT:SDG_07_40(1.0),03-02-2026 11:00,Annual,Renewable energy - overall,Percentage,Netherlands,2011,4.524,,
ESTAT:SDG_07_40(1.0),03-02-2026 11:00,Annual,Renewable energy - overall,Percentage,Netherlands,2012,4.659,,
ESTAT:SDG_07_40(1.0),03-02-2026 11:00,Annual,Renewable energy - overall,Percentage,Netherlands,2013,4.691,,
ESTAT:SDG_07_40(1.0),03-02-2026 11:00,Annual,Renewable energy - overall,Percentage,Netherlands,2014,5.415,,
ESTAT:SDG_07_40(1.0),03-02-2026 11:00,Annual,Renewable energy - overall,Percentage,Netherlands,2015,5.714,,
ESTAT:SDG_07_40(1.0),03-02-2026 11:00,Annual,Renewable energy - overall,Percentage,Netherlands,2016,5.846,,
ESTAT:SDG_07_40(1.0),03-02-2026 11:00,Annual,Renewable energy - overall,Percentage,Netherlands,2017,6.507,,
ESTAT:SDG_07_40(1.0),03-02-2026 11:00,Annual,Renewable energy - overall,Percentage,Netherlands,2018,7.394,,
ESTAT:SDG_07_40(1.0),03-02-2026 11:00,Annual,Renewable energy - overall,Percentage,Netherlands,2019,8.886,,
ESTAT:SDG_07_40(1.0),03-02-2026 11:00,Annual,Renewable energy - overall,Percentage,Netherlands,2020,13.999,,
ESTAT:SDG_07_40(1.0),03-02-2026 11:00,Annual,Renewable energy - overall,Percentage,Netherlands,2021,13.117,,
ESTAT:SDG_07_40(1.0),03-02-2026 11:00,Annual,Renewable energy - overall,Percentage,Netherlands,2022,15.291,,
ESTAT:SDG_07_40(1.0),03-02-2026 11:00,Annual,Renewable energy - overall,Percentage,Netherlands,2023,17.588,,
ESTAT:SDG_07_40(1.0),03-02-2026 11:00,Annual,Renewable energy - overall,Percentage,Netherlands,2024,20.18,,
ESTAT:SDG_07_40(1.0),03-02-2026 11:00,Annual,Renewable energy - overall,Percentage,Norway,2004,58.417,,
ESTAT:SDG_07_40(1.0),03-02-2026 11:00,Annual,Renewable energy - overall,Percentage,Norway,2005,60.069,,
ESTAT:SDG_07_40(1.0),03-02-2026 11:00,Annual,Renewable energy - overall,Percentage,Norway,2006,60.521,,
ESTAT:SDG_07_40(1.0),03-02-2026 11:00,Annual,Renewable energy - overall,Percentage,Norway,2007,60.398,,
ESTAT:SDG_07_40(1.0),03-02-2026 11:00,Annual,Renewable energy - overall,Percentage,Norway,2008,62.003,,
ESTAT:SDG_07_40(1.0),03-02-2026 11:00,Annual,Renewable energy - overall,Percentage,Norway,2009,65.071,,
ESTAT:SDG_07_40(1.0),03-02-2026 11:00,Annual,Renewable energy - overall,Percentage,Norway,2010,61.889,,
ESTAT:SDG_07_40(1.0),03-02-2026 11:00,Annual,Renewable energy - overall,Percentage,Norway,2011,64.638,,
ESTAT:SDG_07_40(1.0),03-02-2026 11:00,Annual,Renewable energy - overall,Percentage,Norway,2012,64.932,,
ESTAT:SDG_07_40(1.0),03-02-2026 11:00,Annual,Renewable energy - overall,Percentage,Norway,2013,66.48,,
ESTAT:SDG_07_40(1.0),03-02-2026 11:00,Annual,Renewable energy - overall,Percentage,Norway,2014,68.406,,
ESTAT:SDG_07_40(1.0),03-02-2026 11:00,Annual,Renewable energy - overall,Percentage,Norway,2015,68.545,,
ESTAT:SDG_07_40(1.0),03-02-2026 11:00,Annual,Renewable energy - overall,Percentage,Norway,2016,69.235,,
ESTAT:SDG_07_40(1.0),03-02-2026 11:00,Annual,Renewable energy - overall,Percentage,Norway,2017,70.036,,
ESTAT:SDG_07_40(1.0),03-02-2026 11:00,Annual,Renewable energy - overall,Percentage,Norway,2018,71.566,,
ESTAT:SDG_07_40(1.0),03-02-2026 11:00,Annual,Renewable energy - overall,Percentage,Norway,2019,74.406,,
ESTAT:SDG_07_40(1.0),03-02-2026 11:00,Annual,Renewable energy - overall,Percentage,Norway,2020,77.358,,
ESTAT:SDG_07_40(1.0),03-02-2026 11:00,Annual,Renewable energy - overall,Percentage,Norway,2021,75.038,,
ESTAT:SDG_07_40(1.0),03-02-2026 11:00,Annual,Renewable energy - overall,Percentage,Norway,2022,76.782,,
ESTAT:SDG_07_40(1.0),03-02-2026 11:00,Annual,Renewable energy - overall,Percentage,Norway,2023,76.729,,
ESTAT:SDG_07_40(1.0),03-02-2026 11:00,Annual,Renewable energy - overall,Percentage,Norway,2024,77.932,,
ESTAT:SDG_07_40(1.0),03-02-2026 11:00,Annual,Renewable energy - overall,Percentage,Poland,2004,6.882,,
ESTAT:SDG_07_40(1.0),03-02-2026 11:00,Annual,Renewable energy - overall,Percentage,Poland,2005,6.867,,
ESTAT:SDG_07_40(1.0),03-02-2026 11:00,Annual,Renewable energy - overall,Percentage,Poland,2006,6.859,,
ESTAT:SDG_07_40(1.0),03-02-2026 11:00,Annual,Renewable energy - overall,Percentage,Poland,2007,6.903,,
ESTAT:SDG_07_40(1.0),03-02-2026 11:00,Annual,Renewable energy - overall,Percentage,Poland,2008,7.686,,
ESTAT:SDG_07_40(1.0),03-02-2026 11:00,Annual,Renewable energy - overall,Percentage,Poland,2009,8.676,,
ESTAT:SDG_07_40(1.0),03-02-2026 11:00,Annual,Renewable energy - overall,Percentage,Poland,2010,9.281,,
ESTAT:SDG_07_40(1.0),03-02-2026 11:00,Annual,Renewable energy - overall,Percentage,Poland,2011,10.337,,
ESTAT:SDG_07_40(1.0),03-02-2026 11:00,Annual,Renewable energy - overall,Percentage,Poland,2012,10.955,,
ESTAT:SDG_07_40(1.0),03-02-2026 11:00,Annual,Renewable energy - overall,Percentage,Poland,2013,11.452,,
ESTAT:SDG_07_40(1.0),03-02-2026 11:00,Annual,Renewable energy - overall,Percentage,Poland,2014,11.605,,
ESTAT:SDG_07_40(1.0),03-02-2026 11:00,Annual,Renewable energy - overall,Percentage,Poland,2015,11.881,,
ESTAT:SDG_07_40(1.0),03-02-2026 11:00,Annual,Renewable energy - overall,Percentage,Poland,2016,11.396,,
ESTAT:SDG_07_40(1.0),03-02-2026 11:00,Annual,Renewable energy - overall,Percentage,Poland,2017,11.059,,
ESTAT:SDG_07_40(1.0),03-02-2026 11:00,Annual,Renewable energy - overall,Percentage,Poland,2018,14.936,,
ESTAT:SDG_07_40(1.0),03-02-2026 11:00,Annual,Renewable energy - overall,Percentage,Poland,2019,15.377,,
ESTAT:SDG_07_40(1.0),03-02-2026 11:00,Annual,Renewable energy - overall,Percentage,Poland,2020,16.102,,
ESTAT:SDG_07_40(1.0),03-02-2026 11:00,Annual,Renewable energy - overall,Percentage,Poland,2021,15.604,,
ESTAT:SDG_07_40(1.0),03-02-2026 11:00,Annual,Renewable energy - overall,Percentage,Poland,2022,16.644,,
ESTAT:SDG_07_40(1.0),03-02-2026 11:00,Annual,Renewable energy - overall,Percentage,Poland,2023,16.651,,
ESTAT:SDG_07_40(1.0),03-02-2026 11:00,Annual,Renewable energy - overall,Percentage,Poland,2024,17.77,,
ESTAT:SDG_07_40(1.0),03-02-2026 11:00,Annual,Renewable energy - overall,Percentage,Portugal,2004,19.205,,
ESTAT:SDG_07_40(1.0),03-02-2026 11:00,Annual,Renewable energy - overall,Percentage,Portugal,2005,19.523,,
ESTAT:SDG_07_40(1.0),03-02-2026 11:00,Annual,Renewable energy - overall,Percentage,Portugal,2006,20.792,,
ESTAT:SDG_07_40(1.0),03-02-2026 11:00,Annual,Renewable energy - overall,Percentage,Portugal,2007,21.907,,
ESTAT:SDG_07_40(1.0),03-02-2026 11:00,Annual,Renewable energy - overall,Percentage,Portugal,2008,22.929,,
ESTAT:SDG_07_40(1.0),03-02-2026 11:00,Annual,Renewable energy - overall,Percentage,Portugal,2009,24.405,,
ESTAT:SDG_07_40(1.0),03-02-2026 11:00,Annual,Renewable energy - overall,Percentage,Portugal,2010,24.15,,
ESTAT:SDG_07_40(1.0),03-02-2026 11:00,Annual,Renewable energy - overall,Percentage,Portugal,2011,24.603,,
ESTAT:SDG_07_40(1.0),03-02-2026 11:00,Annual,Renewable energy - overall,Percentage,Portugal,2012,24.574,,
ESTAT:SDG_07_40(1.0),03-02-2026 11:00,Annual,Renewable energy - overall,Percentage,Portugal,2013,25.699,,
ESTAT:SDG_07_40(1.0),03-02-2026 11:00,Annual,Renewable energy - overall,Percentage,Portugal,2014,29.508,,
ESTAT:SDG_07_40(1.0),03-02-2026 11:00,Annual,Renewable energy - overall,Percentage,Portugal,2015,30.514,,
ESTAT:SDG_07_40(1.0),03-02-2026 11:00,Annual,Renewable energy - overall,Percentage,Portugal,2016,30.864,,
ESTAT:SDG_07_40(1.0),03-02-2026 11:00,Annual,Renewable energy - overall,Percentage,Portugal,2017,30.611,,
ESTAT:SDG_07_40(1.0),03-02-2026 11:00,Annual,Renewable energy - overall,Percentage,Portugal,2018,30.203,,
ESTAT:SDG_07_40(1.0),03-02-2026 11:00,Annual,Renewable energy - overall,Percentage,Portugal,2019,30.623,,
ESTAT:SDG_07_40(1.0),03-02-2026 11:00,Annual,Renewable energy - overall,Percentage,Portugal,2020,33.982,,
ESTAT:SDG_07_40(1.0),03-02-2026 11:00,Annual,Renewable energy - overall,Percentage,Portugal,2021,33.982,,
ESTAT:SDG_07_40(1.0),03-02-2026 11:00,Annual,Renewable energy - overall,Percentage,Portugal,2022,34.675,,
ESTAT:SDG_07_40(1.0),03-02-2026 11:00,Annual,Renewable energy - overall,Percentage,Portugal,2023,35.154,,
ESTAT:SDG_07_40(1.0),03-02-2026 11:00,Annual,Renewable energy - overall,Percentage,Portugal,2024,36.319,,
ESTAT:SDG_07_40(1.0),03-02-2026 11:00,Annual,Renewable energy - overall,Percentage,Romania,2004,16.811,,
ESTAT:SDG_07_40(1.0),03-02-2026 11:00,Annual,Renewable energy - overall,Percentage,Romania,2005,17.571,,
ESTAT:SDG_07_40(1.0),03-02-2026 11:00,Annual,Renewable energy - overall,Percentage,Romania,2006,17.096,,
ESTAT:SDG_07_40(1.0),03-02-2026 11:00,Annual,Renewable energy - overall,Percentage,Romania,2007,18.195,,
ESTAT:SDG_07_40(1.0),03-02-2026 11:00,Annual,Renewable energy - overall,Percentage,Romania,2008,20.204,,
ESTAT:SDG_07_40(1.0),03-02-2026 11:00,Annual,Renewable energy - overall,Percentage,Romania,2009,22.157,,
ESTAT:SDG_07_40(1.0),03-02-2026 11:00,Annual,Renewable energy - overall,Percentage,Romania,2010,22.834,,
ESTAT:SDG_07_40(1.0),03-02-2026 11:00,Annual,Renewable energy - overall,Percentage,Romania,2011,21.743,,
ESTAT:SDG_07_40(1.0),03-02-2026 11:00,Annual,Renewable energy - overall,Percentage,Romania,2012,22.825,,
ESTAT:SDG_07_40(1.0),03-02-2026 11:00,Annual,Renewable energy - overall,Percentage,Romania,2013,23.886,,
ESTAT:SDG_07_40(1.0),03-02-2026 11:00,Annual,Renewable energy - overall,Percentage,Romania,2014,24.845,,
ESTAT:SDG_07_40(1.0),03-02-2026 11:00,Annual,Renewable energy - overall,Percentage,Romania,2015,24.785,,
ESTAT:SDG_07_40(1.0),03-02-2026 11:00,Annual,Renewable energy - overall,Percentage,Romania,2016,25.032,,
ESTAT:SDG_07_40(1.0),03-02-2026 11:00,Annual,Renewable energy - overall,Percentage,Romania,2017,24.454,,
ESTAT:SDG_07_40(1.0),03-02-2026 11:00,Annual,Renewable energy - overall,Percentage,Romania,2018,23.875,,
ESTAT:SDG_07_40(1.0),03-02-2026 11:00,Annual,Renewable energy - overall,Percentage,Romania,2019,24.29,,
ESTAT:SDG_07_40(1.0),03-02-2026 11:00,Annual,Renewable energy - overall,Percentage,Romania,2020,24.478,,
ESTAT:SDG_07_40(1.0),03-02-2026 11:00,Annual,Renewable energy - overall,Percentage,Romania,2021,23.871,,
ESTAT:SDG_07_40(1.0),03-02-2026 11:00,Annual,Renewable energy - overall,Percentage,Romania,2022,24.229,,
ESTAT:SDG_07_40(1.0),03-02-2026 11:00,Annual,Renewable energy - overall,Percentage,Romania,2023,25.758,,
ESTAT:SDG_07_40(1.0),03-02-2026 11:00,Annual,Renewable energy - overall,Percentage,Romania,2024,25.378,,
ESTAT:SDG_07_40(1.0),03-02-2026 11:00,Annual,Renewable energy - overall,Percentage,Serbia,2004,12.724,,
ESTAT:SDG_07_40(1.0),03-02-2026 11:00,Annual,Renewable energy - overall,Percentage,Serbia,2005,14.257,,
ESTAT:SDG_07_40(1.0),03-02-2026 11:00,Annual,Renewable energy - overall,Percentage,Serbia,2006,14.542,,
ESTAT:SDG_07_40(1.0),03-02-2026 11:00,Annual,Renewable energy - overall,Percentage,Serbia,2007,14.327,,
ESTAT:SDG_07_40(1.0),03-02-2026 11:00,Annual,Renewable energy - overall,Percentage,Serbia,2008,15.888,,
ESTAT:SDG_07_40(1.0),03-02-2026 11:00,Annual,Renewable energy - overall,Percentage,Serbia,2009,21.024,,
ESTAT:SDG_07_40(1.0),03-02-2026 11:00,Annual,Renewable energy - overall,Percentage,Serbia,2010,19.763,,
ESTAT:SDG_07_40(1.0),03-02-2026 11:00,Annual,Renewable energy - overall,Percentage,Serbia,2011,19.118,,
ESTAT:SDG_07_40(1.0),03-02-2026 11:00,Annual,Renewable energy - overall,Percentage,Serbia,2012,20.79,,
ESTAT:SDG_07_40(1.0),03-02-2026 11:00,Annual,Renewable energy - overall,Percentage,Serbia,2013,21.095,,
ESTAT:SDG_07_40(1.0),03-02-2026 11:00,Annual,Renewable energy - overall,Percentage,Serbia,2014,22.864,,
ESTAT:SDG_07_40(1.0),03-02-2026 11:00,Annual,Renewable energy - overall,Percentage,Serbia,2015,21.989,,
ESTAT:SDG_07_40(1.0),03-02-2026 11:00,Annual,Renewable energy - overall,Percentage,Serbia,2016,21.147,,
ESTAT:SDG_07_40(1.0),03-02-2026 11:00,Annual,Renewable energy - overall,Percentage,Serbia,2017,20.287,,
ESTAT:SDG_07_40(1.0),03-02-2026 11:00,Annual,Renewable energy - overall,Percentage,Serbia,2018,20.32,,
ESTAT:SDG_07_40(1.0),03-02-2026 11:00,Annual,Renewable energy - overall,Percentage,Serbia,2019,21.443,,
ESTAT:SDG_07_40(1.0),03-02-2026 11:00,Annual,Renewable energy - overall,Percentage,Serbia,2020,26.297,,
ESTAT:SDG_07_40(1.0),03-02-2026 11:00,Annual,Renewable energy - overall,Percentage,Serbia,2021,25.255,,
ESTAT:SDG_07_40(1.0),03-02-2026 11:00,Annual,Renewable energy - overall,Percentage,Serbia,2022,24.67,,
ESTAT:SDG_07_40(1.0),03-02-2026 11:00,Annual,Renewable energy - overall,Percentage,Serbia,2023,25.428,,
ESTAT:SDG_07_40(1.0),03-02-2026 11:00,Annual,Renewable energy - overall,Percentage,Serbia,2024,25.862,,
ESTAT:SDG_07_40(1.0),03-02-2026 11:00,Annual,Renewable energy - overall,Percentage,Sweden,2004,38.427,,
ESTAT:SDG_07_40(1.0),03-02-2026 11:00,Annual,Renewable energy - overall,Percentage,Sweden,2005,39.982,,
ESTAT:SDG_07_40(1.0),03-02-2026 11:00,Annual,Renewable energy - overall,Percentage,Sweden,2006,41.734,,
ESTAT:SDG_07_40(1.0),03-02-2026 11:00,Annual,Renewable energy - overall,Percentage,Sweden,2007,43.224,,
ESTAT:SDG_07_40(1.0),03-02-2026 11:00,Annual,Renewable energy - overall,Percentage,Sweden,2008,43.922,,
ESTAT:SDG_07_40(1.0),03-02-2026 11:00,Annual,Renewable energy - overall,Percentage,Sweden,2009,47.024,,
ESTAT:SDG_07_40(1.0),03-02-2026 11:00,Annual,Renewable energy - overall,Percentage,Sweden,2010,46.099,,
ESTAT:SDG_07_40(1.0),03-02-2026 11:00,Annual,Renewable energy - overall,Percentage,Sweden,2011,47.632,,
ESTAT:SDG_07_40(1.0),03-02-2026 11:00,Annual,Renewable energy - overall,Percentage,Sweden,2012,49.403,,
ESTAT:SDG_07_40(1.0),03-02-2026 11:00,Annual,Renewable energy - overall,Percentage,Sweden,2013,50.153,,
ESTAT:SDG_07_40(1.0),03-02-2026 11:00,Annual,Renewable energy - overall,Percentage,Sweden,2014,51.151,,
ESTAT:SDG_07_40(1.0),03-02-2026 11:00,Annual,Renewable energy - overall,Percentage,Sweden,2015,52.22,,
ESTAT:SDG_07_40(1.0),03-02-2026 11:00,Annual,Renewable energy - overall,Percentage,Sweden,2016,52.597,,
ESTAT:SDG_07_40(1.0),03-02-2026 11:00,Annual,Renewable energy - overall,Percentage,Sweden,2017,53.39,,
ESTAT:SDG_07_40(1.0),03-02-2026 11:00,Annual,Renewable energy - overall,Percentage,Sweden,2018,53.916,,
ESTAT:SDG_07_40(1.0),03-02-2026 11:00,Annual,Renewable energy - overall,Percentage,Sweden,2019,55.785,,
ESTAT:SDG_07_40(1.0),03-02-2026 11:00,Annual,Renewable energy - overall,Percentage,Sweden,2020,60.124,,
ESTAT:SDG_07_40(1.0),03-02-2026 11:00,Annual,Renewable energy - overall,Percentage,Sweden,2021,62.527,,
ESTAT:SDG_07_40(1.0),03-02-2026 11:00,Annual,Renewable energy - overall,Percentage,Sweden,2022,66.287,,
ESTAT:SDG_07_40(1.0),03-02-2026 11:00,Annual,Renewable energy - overall,Percentage,Sweden,2023,66.393,,
ESTAT:SDG_07_40(1.0),03-02-2026 11:00,Annual,Renewable energy - overall,Percentage,Sweden,2024,62.846,,
ESTAT:SDG_07_40(1.0),03-02-2026 11:00,Annual,Renewable energy - overall,Percentage,Slovenia,2004,18.397,,
ESTAT:SDG_07_40(1.0),03-02-2026 11:00,Annual,Renewable energy - overall,Percentage,Slovenia,2005,19.809,,
ESTAT:SDG_07_40(1.0),03-02-2026 11:00,Annual,Renewable energy - overall,Percentage,Slovenia,2006,18.416,,
ESTAT:SDG_07_40(1.0),03-02-2026 11:00,Annual,Renewable energy - overall,Percentage,Slovenia,2007,19.675,,
ESTAT:SDG_07_40(1.0),03-02-2026 11:00,Annual,Renewable energy - overall,Percentage,Slovenia,2008,18.646,,
ESTAT:SDG_07_40(1.0),03-02-2026 11:00,Annual,Renewable energy - overall,Percentage,Slovenia,2009,20.765,,
ESTAT:SDG_07_40(1.0),03-02-2026 11:00,Annual,Renewable energy - overall,Percentage,Slovenia,2010,21.081,,
ESTAT:SDG_07_40(1.0),03-02-2026 11:00,Annual,Renewable energy - overall,Percentage,Slovenia,2011,20.937,,
ESTAT:SDG_07_40(1.0),03-02-2026 11:00,Annual,Renewable energy - overall,Percentage,Slovenia,2012,21.551,,
ESTAT:SDG_07_40(1.0),03-02-2026 11:00,Annual,Renewable energy - overall,Percentage,Slovenia,2013,23.16,,
ESTAT:SDG_07_40(1.0),03-02-2026 11:00,Annual,Renewable energy - overall,Percentage,Slovenia,2014,22.459,,
ESTAT:SDG_07_40(1.0),03-02-2026 11:00,Annual,Renewable energy - overall,Percentage,Slovenia,2015,22.879,,
ESTAT:SDG_07_40(1.0),03-02-2026 11:00,Annual,Renewable energy - overall,Percentage,Slovenia,2016,21.975,,
ESTAT:SDG_07_40(1.0),03-02-2026 11:00,Annual,Renewable energy - overall,Percentage,Slovenia,2017,21.658,,
ESTAT:SDG_07_40(1.0),03-02-2026 11:00,Annual,Renewable energy - overall,Percentage,Slovenia,2018,21.378,,
ESTAT:SDG_07_40(1.0),03-02-2026 11:00,Annual,Renewable energy - overall,Percentage,Slovenia,2019,21.968,,
ESTAT:SDG_07_40(1.0),03-02-2026 11:00,Annual,Renewable energy - overall,Percentage,Slovenia,2020,25,,
ESTAT:SDG_07_40(1.0),03-02-2026 11:00,Annual,Renewable energy - overall,Percentage,Slovenia,2021,25,,
ESTAT:SDG_07_40(1.0),03-02-2026 11:00,Annual,Renewable energy - overall,Percentage,Slovenia,2022,25.002,,
ESTAT:SDG_07_40(1.0),03-02-2026 11:00,Annual,Renewable energy - overall,Percentage,Slovenia,2023,25.066,,
ESTAT:SDG_07_40(1.0),03-02-2026 11:00,Annual,Renewable energy - overall,Percentage,Slovenia,2024,25.001,,
ESTAT:SDG_07_40(1.0),03-02-2026 11:00,Annual,Renewable energy - overall,Percentage,Slovakia,2004,6.391,,
ESTAT:SDG_07_40(1.0),03-02-2026 11:00,Annual,Renewable energy - overall,Percentage,Slovakia,2005,6.36,,
ESTAT:SDG_07_40(1.0),03-02-2026 11:00,Annual,Renewable energy - overall,Percentage,Slovakia,2006,6.584,,
ESTAT:SDG_07_40(1.0),03-02-2026 11:00,Annual,Renewable energy - overall,Percentage,Slovakia,2007,7.766,,
ESTAT:SDG_07_40(1.0),03-02-2026 11:00,Annual,Renewable energy - overall,Percentage,Slovakia,2008,7.723,,
ESTAT:SDG_07_40(1.0),03-02-2026 11:00,Annual,Renewable energy - overall,Percentage,Slovakia,2009,9.368,,
ESTAT:SDG_07_40(1.0),03-02-2026 11:00,Annual,Renewable energy - overall,Percentage,Slovakia,2010,9.099,,
ESTAT:SDG_07_40(1.0),03-02-2026 11:00,Annual,Renewable energy - overall,Percentage,Slovakia,2011,10.348,,
ESTAT:SDG_07_40(1.0),03-02-2026 11:00,Annual,Renewable energy - overall,Percentage,Slovakia,2012,10.453,,
ESTAT:SDG_07_40(1.0),03-02-2026 11:00,Annual,Renewable energy - overall,Percentage,Slovakia,2013,10.133,,
ESTAT:SDG_07_40(1.0),03-02-2026 11:00,Annual,Renewable energy - overall,Percentage,Slovakia,2014,11.713,,
ESTAT:SDG_07_40(1.0),03-02-2026 11:00,Annual,Renewable energy - overall,Percentage,Slovakia,2015,12.882,,
ESTAT:SDG_07_40(1.0),03-02-2026 11:00,Annual,Renewable energy - overall,Percentage,Slovakia,2016,12.029,,
ESTAT:SDG_07_40(1.0),03-02-2026 11:00,Annual,Renewable energy - overall,Percentage,Slovakia,2017,11.465,,
ESTAT:SDG_07_40(1.0),03-02-2026 11:00,Annual,Renewable energy - overall,Percentage,Slovakia,2018,11.896,,
ESTAT:SDG_07_40(1.0),03-02-2026 11:00,Annual,Renewable energy - overall,Percentage,Slovakia,2019,16.894,,
ESTAT:SDG_07_40(1.0),03-02-2026 11:00,Annual,Renewable energy - overall,Percentage,Slovakia,2020,17.345,,
ESTAT:SDG_07_40(1.0),03-02-2026 11:00,Annual,Renewable energy - overall,Percentage,Slovakia,2021,17.419,,
ESTAT:SDG_07_40(1.0),03-02-2026 11:00,Annual,Renewable energy - overall,Percentage,Slovakia,2022,17.482,,
ESTAT:SDG_07_40(1.0),03-02-2026 11:00,Annual,Renewable energy - overall,Percentage,Slovakia,2023,16.991,,
ESTAT:SDG_07_40(1.0),03-02-2026 11:00,Annual,Renewable energy - overall,Percentage,Slovakia,2024,18.092,,
ESTAT:SDG_07_40(1.0),03-02-2026 11:00,Annual,Renewable energy - overall,Percentage,Kosovo*,2004,20.541,,
ESTAT:SDG_07_40(1.0),03-02-2026 11:00,Annual,Renewable energy - overall,Percentage,Kosovo*,2005,19.773,,
ESTAT:SDG_07_40(1.0),03-02-2026 11:00,Annual,Renewable energy - overall,Percentage,Kosovo*,2006,19.511,,
ESTAT:SDG_07_40(1.0),03-02-2026 11:00,Annual,Renewable energy - overall,Percentage,Kosovo*,2007,18.812,,
ESTAT:SDG_07_40(1.0),03-02-2026 11:00,Annual,Renewable energy - overall,Percentage,Kosovo*,2008,18.429,,
ESTAT:SDG_07_40(1.0),03-02-2026 11:00,Annual,Renewable energy - overall,Percentage,Kosovo*,2009,18.23,,
ESTAT:SDG_07_40(1.0),03-02-2026 11:00,Annual,Renewable energy - overall,Percentage,Kosovo*,2010,18.23,,
ESTAT:SDG_07_40(1.0),03-02-2026 11:00,Annual,Renewable energy - overall,Percentage,Kosovo*,2011,17.598,,
ESTAT:SDG_07_40(1.0),03-02-2026 11:00,Annual,Renewable energy - overall,Percentage,Kosovo*,2012,18.625,,
ESTAT:SDG_07_40(1.0),03-02-2026 11:00,Annual,Renewable energy - overall,Percentage,Kosovo*,2013,18.823,,
ESTAT:SDG_07_40(1.0),03-02-2026 11:00,Annual,Renewable energy - overall,Percentage,Kosovo*,2014,19.544,,
ESTAT:SDG_07_40(1.0),03-02-2026 11:00,Annual,Renewable energy - overall,Percentage,Kosovo*,2015,18.484,,
ESTAT:SDG_07_40(1.0),03-02-2026 11:00,Annual,Renewable energy - overall,Percentage,Kosovo*,2016,24.472,,
ESTAT:SDG_07_40(1.0),03-02-2026 11:00,Annual,Renewable energy - overall,Percentage,Kosovo*,2017,23.082,,
ESTAT:SDG_07_40(1.0),03-02-2026 11:00,Annual,Renewable energy - overall,Percentage,Kosovo*,2018,24.616,,
ESTAT:SDG_07_40(1.0),03-02-2026 11:00,Annual,Renewable energy - overall,Percentage,Kosovo*,2019,24.215,,
ESTAT:SDG_07_40(1.0),03-02-2026 11:00,Annual,Renewable energy - overall,Percentage,Kosovo*,2020,24.401,,
ESTAT:SDG_07_40(1.0),03-02-2026 11:00,Annual,Renewable energy - overall,Percentage,Kosovo*,2021,22.061,,
ESTAT:SDG_07_40(1.0),03-02-2026 11:00,Annual,Renewable energy - overall,Percentage,Kosovo*,2022,18.773,,
ESTAT:SDG_07_40(1.0),03-02-2026 11:00,Annual,Renewable energy - overall,Percentage,Kosovo*,2023,20.215,,
ESTAT:SDG_07_40(1.0),03-02-2026 11:00,Annual,Renewable energy - overall,Percentage,Kosovo*,2024,18.02,,
