DATAFLOW,LAST UPDATE,freq,unit,geo,TIME_PERIOD,OBS_VALUE,OBS_FLAG,CONF_STATUS
ESTAT:SDG_07_10(1.0),11-12-2025 23:00,Annual,Million tonnes of oil equivalent,Albania,2005,2.1,,
ESTAT:SDG_07_10(1.0),11-12-2025 23:00,Annual,Million tonnes of oil equivalent,Albania,2006,2.1,,
ESTAT:SDG_07_10(1.0),11-12-2025 23:00,Annual,Million tonnes of oil equivalent,Albania,2007,1.9,,
ESTAT:SDG_07_10(1.0),11-12-2025 23:00,Annual,Million tonnes of oil equivalent,Albania,2008,2.1,,
ESTAT:SDG_07_10(1.0),11-12-2025 23:00,Annual,Million tonnes of oil equivalent,Albania,2009,2,,
ESTAT:SDG_07_10(1.0),11-12-2025 23:00,Annual,Million tonnes of oil equivalent,Albania,2010,2,,
ESTAT:SDG_07_10(1.0),11-12-2025 23:00,Annual,Million tonnes of oil equivalent,Albania,2011,2.2,,
ESTAT:SDG_07_10(1.0),11-12-2025 23:00,Annual,Million tonnes of oil equivalent,Albania,2012,2,,
ESTAT:SDG_07_10(1.0),11-12-2025 23:00,Annual,Million tonnes of oil equivalent,Albania,2013,2.2,,
ESTAT:SDG_07_10(1.0),11-12-2025 23:00,Annual,Million tonnes of oil equivalent,Albania,2014,2.3,,
ESTAT:SDG_07_10(1.0),11-12-2025 23:00,Annual,Million tonnes of oil equivalent,Albania,2015,2.1,,
ESTAT:SDG_07_10(1.0),11-12-2025 23:00,Annual,Million tonnes of oil equivalent,Albania,2016,2.2,,
ESTAT:SDG_07_10(1.0),11-12-2025 23:00,Annual,Million tonnes of oil equivalent,Albania,2017,2.3,,
ESTAT:SDG_07_10(1.0),11-12-2025 23:00,Annual,Million tonnes of oil equivalent,Albania,2018,2.4,,
ESTAT:SDG_07_10(1.0),11-12-2025 23:00,Annual,Million tonnes of oil equivalent,Albania,2019,2.3,,
ESTAT:SDG_07_10(1.0),11-12-2025 23:00,Annual,Million tonnes of oil equivalent,Albania,2020,2.2,,
ESTAT:SDG_07_10(1.0),11-12-2025 23:00,Annual,Million tonnes of oil equivalent,Albania,2021,2.3,,
ESTAT:SDG_07_10(1.0),11-12-2025 23:00,Annual,Million tonnes of oil equivalent,Albania,2022,2.2,,
ESTAT:SDG_07_10(1.0),11-12-2025 23:00,Annual,Million tonnes of oil equivalent,Albania,2023,2.1,,
ESTAT:SDG_07_10(1.0),11-12-2025 23:00,Annual,Million tonnes of oil equivalent,Austria,2005,32.7,,
ESTAT:SDG_07_10(1.0),11-12-2025 23:00,Annual,Million tonnes of oil equivalent,Austria,2006,32.6,,
ESTAT:SDG_07_10(1.0),11-12-2025 23:00,Annual,Million tonnes of oil equivalent,Austria,2007,32.2,,
ESTAT:SDG_07_10(1.0),11-12-2025 23:00,Annual,Million tonnes of oil equivalent,Austria,2008,32.5,,
ESTAT:SDG_07_10(1.0),11-12-2025 23:00,Annual,Million tonnes of oil equivalent,Austria,2009,30.7,,
ESTAT:SDG_07_10(1.0),11-12-2025 23:00,Annual,Million tonnes of oil equivalent,Austria,2010,32.9,,
ESTAT:SDG_07_10(1.0),11-12-2025 23:00,Annual,Million tonnes of oil equivalent,Austria,2011,32,,
ESTAT:SDG_07_10(1.0),11-12-2025 23:00,Annual,Million tonnes of oil equivalent,Austria,2012,31.7,,
ESTAT:SDG_07_10(1.0),11-12-2025 23:00,Annual,Million tonnes of oil equivalent,Austria,2013,32.1,,
ESTAT:SDG_07_10(1.0),11-12-2025 23:00,Annual,Million tonnes of oil equivalent,Austria,2014,30.8,,
ESTAT:SDG_07_10(1.0),11-12-2025 23:00,Annual,Million tonnes of oil equivalent,Austria,2015,31.7,,
ESTAT:SDG_07_10(1.0),11-12-2025 23:00,Annual,Million tonnes of oil equivalent,Austria,2016,32,,
ESTAT:SDG_07_10(1.0),11-12-2025 23:00,Annual,Million tonnes of oil equivalent,Austria,2017,32.8,,
ESTAT:SDG_07_10(1.0),11-12-2025 23:00,Annual,Million tonnes of oil equivalent,Austria,2018,31.8,,
ESTAT:SDG_07_10(1.0),11-12-2025 23:00,Annual,Million tonnes of oil equivalent,Austria,2019,32.3,,
ESTAT:SDG_07_10(1.0),11-12-2025 23:00,Annual,Million tonnes of oil equivalent,Austria,2020,29.8,,
ESTAT:SDG_07_10(1.0),11-12-2025 23:00,Annual,Million tonnes of oil equivalent,Austria,2021,31.6,,
ESTAT:SDG_07_10(1.0),11-12-2025 23:00,Annual,Million tonnes of oil equivalent,Austria,2022,30.5,,
ESTAT:SDG_07_10(1.0),11-12-2025 23:00,Annual,Million tonnes of oil equivalent,Austria,2023,29.7,,
ESTAT:SDG_07_10(1.0),11-12-2025 23:00,Annual,Million tonnes of oil equivalent,Austria,2024,29.3,,
ESTAT:SDG_07_10(1.0),11-12-2025 23:00,Annual,Million tonnes of oil equivalent,Bosnia and Herzegovina,2014,5.9,,
ESTAT:SDG_07_10(1.0),11-12-2025 23:00,Annual,Million tonnes of oil equivalent,Bosnia and Herzegovina,2015,6.1,,
ESTAT:SDG_07_10(1.0),11-12-2025 23:00,Annual,Million tonnes of oil equivalent,Bosnia and Herzegovina,2016,6.7,,
ESTAT:SDG_07_10(1.0),11-12-2025 23:00,Annual,Million tonnes of oil equivalent,Bosnia and Herzegovina,2017,6.7,,
ESTAT:SDG_07_10(1.0),11-12-2025 23:00,Annual,Million tonnes of oil equivalent,Bosnia and Herzegovina,2018,7.4,,
ESTAT:SDG_07_10(1.0),11-12-2025 23:00,Annual,Million tonnes of oil equivalent,Bosnia and Herzegovina,2019,7.1,,
ESTAT:SDG_07_10(1.0),11-12-2025 23:00,Annual,Million tonnes of oil equivalent,Bosnia and Herzegovina,2020,7,,
ESTAT:SDG_07_10(1.0),11-12-2025 23:00,Annual,Million tonnes of oil equivalent,Bosnia and Herzegovina,2021,7.3,,
ESTAT:SDG_07_10(1.0),11-12-2025 23:00,Annual,Million tonnes of oil equivalent,Bosnia and Herzegovina,2022,7.2,,
ESTAT:SDG_07_10(1.0),11-12-2025 23:00,Annual,Million tonnes of oil equivalent,Bosnia and Herzegovina,2023,6.9,,
ESTAT:SDG_07_10(1.0),11-12-2025 23:00,Annual,Million tonnes of oil equivalent,Belgium,2005,51.6,,
ESTAT:SDG_07_10(1.0),11-12-2025 23:00,Annual,Million tonnes of oil equivalent,Belgium,2006,51.5,,
ESTAT:SDG_07_10(1.0),11-12-2025 23:00,Annual,Million tonnes of oil equivalent,Belgium,2007,50.4,,
ESTAT:SDG_07_10(1.0),11-12-2025 23:00,Annual,Million tonnes of oil equivalent,Belgium,2008,51.2,,
ESTAT:SDG_07_10(1.0),11-12-2025 23:00,Annual,Million tonnes of oil equivalent,Belgium,2009,50.1,,
ESTAT:SDG_07_10(1.0),11-12-2025 23:00,Annual,Million tonnes of oil equivalent,Belgium,2010,53.4,,
ESTAT:SDG_07_10(1.0),11-12-2025 23:00,Annual,Million tonnes of oil equivalent,Belgium,2011,49.5,,
ESTAT:SDG_07_10(1.0),11-12-2025 23:00,Annual,Million tonnes of oil equivalent,Belgium,2012,47.1,,
ESTAT:SDG_07_10(1.0),11-12-2025 23:00,Annual,Million tonnes of oil equivalent,Belgium,2013,48.6,,
ESTAT:SDG_07_10(1.0),11-12-2025 23:00,Annual,Million tonnes of oil equivalent,Belgium,2014,45.2,,
ESTAT:SDG_07_10(1.0),11-12-2025 23:00,Annual,Million tonnes of oil equivalent,Belgium,2015,45.7,,
ESTAT:SDG_07_10(1.0),11-12-2025 23:00,Annual,Million tonnes of oil equivalent,Belgium,2016,48.5,,
ESTAT:SDG_07_10(1.0),11-12-2025 23:00,Annual,Million tonnes of oil equivalent,Belgium,2017,48.5,,
ESTAT:SDG_07_10(1.0),11-12-2025 23:00,Annual,Million tonnes of oil equivalent,Belgium,2018,46.5,,
ESTAT:SDG_07_10(1.0),11-12-2025 23:00,Annual,Million tonnes of oil equivalent,Belgium,2019,48.4,,
ESTAT:SDG_07_10(1.0),11-12-2025 23:00,Annual,Million tonnes of oil equivalent,Belgium,2020,44.1,,
ESTAT:SDG_07_10(1.0),11-12-2025 23:00,Annual,Million tonnes of oil equivalent,Belgium,2021,49,,
ESTAT:SDG_07_10(1.0),11-12-2025 23:00,Annual,Million tonnes of oil equivalent,Belgium,2022,45.4,,
ESTAT:SDG_07_10(1.0),11-12-2025 23:00,Annual,Million tonnes of oil equivalent,Belgium,2023,42.3,,
ESTAT:SDG_07_10(1.0),11-12-2025 23:00,Annual,Million tonnes of oil equivalent,Belgium,2024,42.7,,
ESTAT:SDG_07_10(1.0),11-12-2025 23:00,Annual,Million tonnes of oil equivalent,Bulgaria,2005,19.2,,
ESTAT:SDG_07_10(1.0),11-12-2025 23:00,Annual,Million tonnes of oil equivalent,Bulgaria,2006,19.9,,
ESTAT:SDG_07_10(1.0),11-12-2025 23:00,Annual,Million tonnes of oil equivalent,Bulgaria,2007,19.5,,
ESTAT:SDG_07_10(1.0),11-12-2025 23:00,Annual,Million tonnes of oil equivalent,Bulgaria,2008,19,,
ESTAT:SDG_07_10(1.0),11-12-2025 23:00,Annual,Million tonnes of oil equivalent,Bulgaria,2009,16.9,,
ESTAT:SDG_07_10(1.0),11-12-2025 23:00,Annual,Million tonnes of oil equivalent,Bulgaria,2010,17.4,,
ESTAT:SDG_07_10(1.0),11-12-2025 23:00,Annual,Million tonnes of oil equivalent,Bulgaria,2011,18.6,,
ESTAT:SDG_07_10(1.0),11-12-2025 23:00,Annual,Million tonnes of oil equivalent,Bulgaria,2012,17.8,,
ESTAT:SDG_07_10(1.0),11-12-2025 23:00,Annual,Million tonnes of oil equivalent,Bulgaria,2013,16.5,,
ESTAT:SDG_07_10(1.0),11-12-2025 23:00,Annual,Million tonnes of oil equivalent,Bulgaria,2014,17.3,,
ESTAT:SDG_07_10(1.0),11-12-2025 23:00,Annual,Million tonnes of oil equivalent,Bulgaria,2015,18,,
ESTAT:SDG_07_10(1.0),11-12-2025 23:00,Annual,Million tonnes of oil equivalent,Bulgaria,2016,17.7,,
ESTAT:SDG_07_10(1.0),11-12-2025 23:00,Annual,Million tonnes of oil equivalent,Bulgaria,2017,18.3,,
ESTAT:SDG_07_10(1.0),11-12-2025 23:00,Annual,Million tonnes of oil equivalent,Bulgaria,2018,18.2,,
ESTAT:SDG_07_10(1.0),11-12-2025 23:00,Annual,Million tonnes of oil equivalent,Bulgaria,2019,18,,
ESTAT:SDG_07_10(1.0),11-12-2025 23:00,Annual,Million tonnes of oil equivalent,Bulgaria,2020,17.1,,
ESTAT:SDG_07_10(1.0),11-12-2025 23:00,Annual,Million tonnes of oil equivalent,Bulgaria,2021,18.6,,
ESTAT:SDG_07_10(1.0),11-12-2025 23:00,Annual,Million tonnes of oil equivalent,Bulgaria,2022,18.9,,
ESTAT:SDG_07_10(1.0),11-12-2025 23:00,Annual,Million tonnes of oil equivalent,Bulgaria,2023,16.7,,
ESTAT:SDG_07_10(1.0),11-12-2025 23:00,Annual,Million tonnes of oil equivalent,Bulgaria,2024,16.6,,
ESTAT:SDG_07_10(1.0),11-12-2025 23:00,Annual,Million tonnes of oil equivalent,Cyprus,2005,2.5,,
ESTAT:SDG_07_10(1.0),11-12-2025 23:00,Annual,Million tonnes of oil equivalent,Cyprus,2006,2.6,,
ESTAT:SDG_07_10(1.0),11-12-2025 23:00,Annual,Million tonnes of oil equivalent,Cyprus,2007,2.7,,
ESTAT:SDG_07_10(1.0),11-12-2025 23:00,Annual,Million tonnes of oil equivalent,Cyprus,2008,2.9,,
ESTAT:SDG_07_10(1.0),11-12-2025 23:00,Annual,Million tonnes of oil equivalent,Cyprus,2009,2.8,,
ESTAT:SDG_07_10(1.0),11-12-2025 23:00,Annual,Million tonnes of oil equivalent,Cyprus,2010,2.7,,
ESTAT:SDG_07_10(1.0),11-12-2025 23:00,Annual,Million tonnes of oil equivalent,Cyprus,2011,2.7,,
ESTAT:SDG_07_10(1.0),11-12-2025 23:00,Annual,Million tonnes of oil equivalent,Cyprus,2012,2.5,,
ESTAT:SDG_07_10(1.0),11-12-2025 23:00,Annual,Million tonnes of oil equivalent,Cyprus,2013,2.2,,
ESTAT:SDG_07_10(1.0),11-12-2025 23:00,Annual,Million tonnes of oil equivalent,Cyprus,2014,2.2,,
ESTAT:SDG_07_10(1.0),11-12-2025 23:00,Annual,Million tonnes of oil equivalent,Cyprus,2015,2.3,,
ESTAT:SDG_07_10(1.0),11-12-2025 23:00,Annual,Million tonnes of oil equivalent,Cyprus,2016,2.4,,
ESTAT:SDG_07_10(1.0),11-12-2025 23:00,Annual,Million tonnes of oil equivalent,Cyprus,2017,2.5,,
ESTAT:SDG_07_10(1.0),11-12-2025 23:00,Annual,Million tonnes of oil equivalent,Cyprus,2018,2.6,,
ESTAT:SDG_07_10(1.0),11-12-2025 23:00,Annual,Million tonnes of oil equivalent,Cyprus,2019,2.5,,
ESTAT:SDG_07_10(1.0),11-12-2025 23:00,Annual,Million tonnes of oil equivalent,Cyprus,2020,2.2,,
ESTAT:SDG_07_10(1.0),11-12-2025 23:00,Annual,Million tonnes of oil equivalent,Cyprus,2021,2.3,,
ESTAT:SDG_07_10(1.0),11-12-2025 23:00,Annual,Million tonnes of oil equivalent,Cyprus,2022,2.5,,
ESTAT:SDG_07_10(1.0),11-12-2025 23:00,Annual,Million tonnes of oil equivalent,Cyprus,2023,2.5,,
ESTAT:SDG_07_10(1.0),11-12-2025 23:00,Annual,Million tonnes of oil equivalent,Cyprus,2024,2.3,,
ESTAT:SDG_07_10(1.0),11-12-2025 23:00,Annual,Million tonnes of oil equivalent,Czechia,2005,42.5,,
ESTAT:SDG_07_10(1.0),11-12-2025 23:00,Annual,Million tonnes of oil equivalent,Czechia,2006,43.5,,
ESTAT:SDG_07_10(1.0),11-12-2025 23:00,Annual,Million tonnes of oil equivalent,Czechia,2007,43.7,,
ESTAT:SDG_07_10(1.0),11-12-2025 23:00,Annual,Million tonnes of oil equivalent,Czechia,2008,42.5,,
ESTAT:SDG_07_10(1.0),11-12-2025 23:00,Annual,Million tonnes of oil equivalent,Czechia,2009,40.2,,
ESTAT:SDG_07_10(1.0),11-12-2025 23:00,Annual,Million tonnes of oil equivalent,Czechia,2010,42.5,,
ESTAT:SDG_07_10(1.0),11-12-2025 23:00,Annual,Million tonnes of oil equivalent,Czechia,2011,40.9,,
ESTAT:SDG_07_10(1.0),11-12-2025 23:00,Annual,Million tonnes of oil equivalent,Czechia,2012,40.4,,
ESTAT:SDG_07_10(1.0),11-12-2025 23:00,Annual,Million tonnes of oil equivalent,Czechia,2013,40.7,,
ESTAT:SDG_07_10(1.0),11-12-2025 23:00,Annual,Million tonnes of oil equivalent,Czechia,2014,39,,
ESTAT:SDG_07_10(1.0),11-12-2025 23:00,Annual,Million tonnes of oil equivalent,Czechia,2015,39.4,,
ESTAT:SDG_07_10(1.0),11-12-2025 23:00,Annual,Million tonnes of oil equivalent,Czechia,2016,39.7,,
ESTAT:SDG_07_10(1.0),11-12-2025 23:00,Annual,Million tonnes of oil equivalent,Czechia,2017,40.4,,
ESTAT:SDG_07_10(1.0),11-12-2025 23:00,Annual,Million tonnes of oil equivalent,Czechia,2018,40.5,,
ESTAT:SDG_07_10(1.0),11-12-2025 23:00,Annual,Million tonnes of oil equivalent,Czechia,2019,39.7,,
ESTAT:SDG_07_10(1.0),11-12-2025 23:00,Annual,Million tonnes of oil equivalent,Czechia,2020,37.6,,
ESTAT:SDG_07_10(1.0),11-12-2025 23:00,Annual,Million tonnes of oil equivalent,Czechia,2021,39.5,,
ESTAT:SDG_07_10(1.0),11-12-2025 23:00,Annual,Million tonnes of oil equivalent,Czechia,2022,38.6,,
ESTAT:SDG_07_10(1.0),11-12-2025 23:00,Annual,Million tonnes of oil equivalent,Czechia,2023,35.5,,
ESTAT:SDG_07_10(1.0),11-12-2025 23:00,Annual,Million tonnes of oil equivalent,Czechia,2024,35,,
ESTAT:SDG_07_10(1.0),11-12-2025 23:00,Annual,Million tonnes of oil equivalent,Germany,2005,321.6,,
ESTAT:SDG_07_10(1.0),11-12-2025 23:00,Annual,Million tonnes of oil equivalent,Germany,2006,332.8,,
ESTAT:SDG_07_10(1.0),11-12-2025 23:00,Annual,Million tonnes of oil equivalent,Germany,2007,315.8,,
ESTAT:SDG_07_10(1.0),11-12-2025 23:00,Annual,Million tonnes of oil equivalent,Germany,2008,320.8,,
ESTAT:SDG_07_10(1.0),11-12-2025 23:00,Annual,Million tonnes of oil equivalent,Germany,2009,299.9,,
ESTAT:SDG_07_10(1.0),11-12-2025 23:00,Annual,Million tonnes of oil equivalent,Germany,2010,315.2,,
ESTAT:SDG_07_10(1.0),11-12-2025 23:00,Annual,Million tonnes of oil equivalent,Germany,2011,297.8,,
ESTAT:SDG_07_10(1.0),11-12-2025 23:00,Annual,Million tonnes of oil equivalent,Germany,2012,301.1,,
ESTAT:SDG_07_10(1.0),11-12-2025 23:00,Annual,Million tonnes of oil equivalent,Germany,2013,308.3,,
ESTAT:SDG_07_10(1.0),11-12-2025 23:00,Annual,Million tonnes of oil equivalent,Germany,2014,293.6,,
ESTAT:SDG_07_10(1.0),11-12-2025 23:00,Annual,Million tonnes of oil equivalent,Germany,2015,295.9,,
ESTAT:SDG_07_10(1.0),11-12-2025 23:00,Annual,Million tonnes of oil equivalent,Germany,2016,297.6,,
ESTAT:SDG_07_10(1.0),11-12-2025 23:00,Annual,Million tonnes of oil equivalent,Germany,2017,298.1,,
ESTAT:SDG_07_10(1.0),11-12-2025 23:00,Annual,Million tonnes of oil equivalent,Germany,2018,292,,
ESTAT:SDG_07_10(1.0),11-12-2025 23:00,Annual,Million tonnes of oil equivalent,Germany,2019,285.2,,
ESTAT:SDG_07_10(1.0),11-12-2025 23:00,Annual,Million tonnes of oil equivalent,Germany,2020,262.2,,
ESTAT:SDG_07_10(1.0),11-12-2025 23:00,Annual,Million tonnes of oil equivalent,Germany,2021,271.5,,
ESTAT:SDG_07_10(1.0),11-12-2025 23:00,Annual,Million tonnes of oil equivalent,Germany,2022,261,,
ESTAT:SDG_07_10(1.0),11-12-2025 23:00,Annual,Million tonnes of oil equivalent,Germany,2023,237.2,,
ESTAT:SDG_07_10(1.0),11-12-2025 23:00,Annual,Million tonnes of oil equivalent,Germany,2024,232,,
ESTAT:SDG_07_10(1.0),11-12-2025 23:00,Annual,Million tonnes of oil equivalent,Denmark,2005,19.4,,
ESTAT:SDG_07_10(1.0),11-12-2025 23:00,Annual,Million tonnes of oil equivalent,Denmark,2006,20.8,,
ESTAT:SDG_07_10(1.0),11-12-2025 23:00,Annual,Million tonnes of oil equivalent,Denmark,2007,20.4,,
ESTAT:SDG_07_10(1.0),11-12-2025 23:00,Annual,Million tonnes of oil equivalent,Denmark,2008,19.9,,
ESTAT:SDG_07_10(1.0),11-12-2025 23:00,Annual,Million tonnes of oil equivalent,Denmark,2009,19.1,,
ESTAT:SDG_07_10(1.0),11-12-2025 23:00,Annual,Million tonnes of oil equivalent,Denmark,2010,19.9,,
ESTAT:SDG_07_10(1.0),11-12-2025 23:00,Annual,Million tonnes of oil equivalent,Denmark,2011,18.5,,
ESTAT:SDG_07_10(1.0),11-12-2025 23:00,Annual,Million tonnes of oil equivalent,Denmark,2012,17.7,,
ESTAT:SDG_07_10(1.0),11-12-2025 23:00,Annual,Million tonnes of oil equivalent,Denmark,2013,17.8,,
ESTAT:SDG_07_10(1.0),11-12-2025 23:00,Annual,Million tonnes of oil equivalent,Denmark,2014,16.9,,
ESTAT:SDG_07_10(1.0),11-12-2025 23:00,Annual,Million tonnes of oil equivalent,Denmark,2015,16.8,,
ESTAT:SDG_07_10(1.0),11-12-2025 23:00,Annual,Million tonnes of oil equivalent,Denmark,2016,17.3,,
ESTAT:SDG_07_10(1.0),11-12-2025 23:00,Annual,Million tonnes of oil equivalent,Denmark,2017,17.4,,
ESTAT:SDG_07_10(1.0),11-12-2025 23:00,Annual,Million tonnes of oil equivalent,Denmark,2018,17.4,,
ESTAT:SDG_07_10(1.0),11-12-2025 23:00,Annual,Million tonnes of oil equivalent,Denmark,2019,16.9,,
ESTAT:SDG_07_10(1.0),11-12-2025 23:00,Annual,Million tonnes of oil equivalent,Denmark,2020,15.5,,
ESTAT:SDG_07_10(1.0),11-12-2025 23:00,Annual,Million tonnes of oil equivalent,Denmark,2021,16.3,,
ESTAT:SDG_07_10(1.0),11-12-2025 23:00,Annual,Million tonnes of oil equivalent,Denmark,2022,15.9,,
ESTAT:SDG_07_10(1.0),11-12-2025 23:00,Annual,Million tonnes of oil equivalent,Denmark,2023,15.6,,
ESTAT:SDG_07_10(1.0),11-12-2025 23:00,Annual,Million tonnes of oil equivalent,Denmark,2024,15.5,,
ESTAT:SDG_07_10(1.0),11-12-2025 23:00,Annual,Million tonnes of oil equivalent,Estonia,2005,5.3,,
ESTAT:SDG_07_10(1.0),11-12-2025 23:00,Annual,Million tonnes of oil equivalent,Estonia,2006,5.2,,
ESTAT:SDG_07_10(1.0),11-12-2025 23:00,Annual,Million tonnes of oil equivalent,Estonia,2007,6.2,,
ESTAT:SDG_07_10(1.0),11-12-2025 23:00,Annual,Million tonnes of oil equivalent,Estonia,2008,5.4,,
ESTAT:SDG_07_10(1.0),11-12-2025 23:00,Annual,Million tonnes of oil equivalent,Estonia,2009,4.3,,
ESTAT:SDG_07_10(1.0),11-12-2025 23:00,Annual,Million tonnes of oil equivalent,Estonia,2010,5.8,,
ESTAT:SDG_07_10(1.0),11-12-2025 23:00,Annual,Million tonnes of oil equivalent,Estonia,2011,5.7,,
ESTAT:SDG_07_10(1.0),11-12-2025 23:00,Annual,Million tonnes of oil equivalent,Estonia,2012,5.2,,
ESTAT:SDG_07_10(1.0),11-12-2025 23:00,Annual,Million tonnes of oil equivalent,Estonia,2013,5.7,,
ESTAT:SDG_07_10(1.0),11-12-2025 23:00,Annual,Million tonnes of oil equivalent,Estonia,2014,5.5,,
ESTAT:SDG_07_10(1.0),11-12-2025 23:00,Annual,Million tonnes of oil equivalent,Estonia,2015,4.8,,
ESTAT:SDG_07_10(1.0),11-12-2025 23:00,Annual,Million tonnes of oil equivalent,Estonia,2016,6,,
ESTAT:SDG_07_10(1.0),11-12-2025 23:00,Annual,Million tonnes of oil equivalent,Estonia,2017,5.8,,
ESTAT:SDG_07_10(1.0),11-12-2025 23:00,Annual,Million tonnes of oil equivalent,Estonia,2018,5.6,,
ESTAT:SDG_07_10(1.0),11-12-2025 23:00,Annual,Million tonnes of oil equivalent,Estonia,2019,4.8,,
ESTAT:SDG_07_10(1.0),11-12-2025 23:00,Annual,Million tonnes of oil equivalent,Estonia,2020,4.3,,
ESTAT:SDG_07_10(1.0),11-12-2025 23:00,Annual,Million tonnes of oil equivalent,Estonia,2021,4.5,,
ESTAT:SDG_07_10(1.0),11-12-2025 23:00,Annual,Million tonnes of oil equivalent,Estonia,2022,4.7,,
ESTAT:SDG_07_10(1.0),11-12-2025 23:00,Annual,Million tonnes of oil equivalent,Estonia,2023,4.1,,
ESTAT:SDG_07_10(1.0),11-12-2025 23:00,Annual,Million tonnes of oil equivalent,Estonia,2024,4.3,,
ESTAT:SDG_07_10(1.0),11-12-2025 23:00,Annual,Million tonnes of oil equivalent,Greece,2005,30.3,,
ESTAT:SDG_07_10(1.0),11-12-2025 23:00,Annual,Million tonnes of oil equivalent,Greece,2006,30.3,,
ESTAT:SDG_07_10(1.0),11-12-2025 23:00,Annual,Million tonnes of oil equivalent,Greece,2007,30.3,,
ESTAT:SDG_07_10(1.0),11-12-2025 23:00,Annual,Million tonnes of oil equivalent,Greece,2008,30.5,,
ESTAT:SDG_07_10(1.0),11-12-2025 23:00,Annual,Million tonnes of oil equivalent,Greece,2009,29.4,,
ESTAT:SDG_07_10(1.0),11-12-2025 23:00,Annual,Million tonnes of oil equivalent,Greece,2010,27.2,,
ESTAT:SDG_07_10(1.0),11-12-2025 23:00,Annual,Million tonnes of oil equivalent,Greece,2011,26.7,,
ESTAT:SDG_07_10(1.0),11-12-2025 23:00,Annual,Million tonnes of oil equivalent,Greece,2012,26.5,,
ESTAT:SDG_07_10(1.0),11-12-2025 23:00,Annual,Million tonnes of oil equivalent,Greece,2013,23.4,,
ESTAT:SDG_07_10(1.0),11-12-2025 23:00,Annual,Million tonnes of oil equivalent,Greece,2014,23.3,,
ESTAT:SDG_07_10(1.0),11-12-2025 23:00,Annual,Million tonnes of oil equivalent,Greece,2015,23.4,,
ESTAT:SDG_07_10(1.0),11-12-2025 23:00,Annual,Million tonnes of oil equivalent,Greece,2016,23.1,,
ESTAT:SDG_07_10(1.0),11-12-2025 23:00,Annual,Million tonnes of oil equivalent,Greece,2017,23.2,,
ESTAT:SDG_07_10(1.0),11-12-2025 23:00,Annual,Million tonnes of oil equivalent,Greece,2018,22.6,,
ESTAT:SDG_07_10(1.0),11-12-2025 23:00,Annual,Million tonnes of oil equivalent,Greece,2019,22.3,,
ESTAT:SDG_07_10(1.0),11-12-2025 23:00,Annual,Million tonnes of oil equivalent,Greece,2020,19.2,,
ESTAT:SDG_07_10(1.0),11-12-2025 23:00,Annual,Million tonnes of oil equivalent,Greece,2021,20.3,,
ESTAT:SDG_07_10(1.0),11-12-2025 23:00,Annual,Million tonnes of oil equivalent,Greece,2022,20.9,,
ESTAT:SDG_07_10(1.0),11-12-2025 23:00,Annual,Million tonnes of oil equivalent,Greece,2023,19.9,,
ESTAT:SDG_07_10(1.0),11-12-2025 23:00,Annual,Million tonnes of oil equivalent,Greece,2024,21,,
ESTAT:SDG_07_10(1.0),11-12-2025 23:00,Annual,Million tonnes of oil equivalent,Spain,2005,136,,
ESTAT:SDG_07_10(1.0),11-12-2025 23:00,Annual,Million tonnes of oil equivalent,Spain,2006,136.6,,
ESTAT:SDG_07_10(1.0),11-12-2025 23:00,Annual,Million tonnes of oil equivalent,Spain,2007,138.8,,
ESTAT:SDG_07_10(1.0),11-12-2025 23:00,Annual,Million tonnes of oil equivalent,Spain,2008,133.9,,
ESTAT:SDG_07_10(1.0),11-12-2025 23:00,Annual,Million tonnes of oil equivalent,Spain,2009,123,,
ESTAT:SDG_07_10(1.0),11-12-2025 23:00,Annual,Million tonnes of oil equivalent,Spain,2010,123,,
ESTAT:SDG_07_10(1.0),11-12-2025 23:00,Annual,Million tonnes of oil equivalent,Spain,2011,122.7,,
ESTAT:SDG_07_10(1.0),11-12-2025 23:00,Annual,Million tonnes of oil equivalent,Spain,2012,123,,
ESTAT:SDG_07_10(1.0),11-12-2025 23:00,Annual,Million tonnes of oil equivalent,Spain,2013,115.7,,
ESTAT:SDG_07_10(1.0),11-12-2025 23:00,Annual,Million tonnes of oil equivalent,Spain,2014,113.8,,
ESTAT:SDG_07_10(1.0),11-12-2025 23:00,Annual,Million tonnes of oil equivalent,Spain,2015,118.2,,
ESTAT:SDG_07_10(1.0),11-12-2025 23:00,Annual,Million tonnes of oil equivalent,Spain,2016,118.4,,
ESTAT:SDG_07_10(1.0),11-12-2025 23:00,Annual,Million tonnes of oil equivalent,Spain,2017,124.9,,
ESTAT:SDG_07_10(1.0),11-12-2025 23:00,Annual,Million tonnes of oil equivalent,Spain,2018,124.3,,
ESTAT:SDG_07_10(1.0),11-12-2025 23:00,Annual,Million tonnes of oil equivalent,Spain,2019,120.6,,
ESTAT:SDG_07_10(1.0),11-12-2025 23:00,Annual,Million tonnes of oil equivalent,Spain,2020,105,,
ESTAT:SDG_07_10(1.0),11-12-2025 23:00,Annual,Million tonnes of oil equivalent,Spain,2021,111.4,,
ESTAT:SDG_07_10(1.0),11-12-2025 23:00,Annual,Million tonnes of oil equivalent,Spain,2022,113.8,,
ESTAT:SDG_07_10(1.0),11-12-2025 23:00,Annual,Million tonnes of oil equivalent,Spain,2023,110.4,,
ESTAT:SDG_07_10(1.0),11-12-2025 23:00,Annual,Million tonnes of oil equivalent,Spain,2024,112.4,,
ESTAT:SDG_07_10(1.0),11-12-2025 23:00,Annual,Million tonnes of oil equivalent,European Union - 27 countries (from 2020),2005,1497.8,,
ESTAT:SDG_07_10(1.0),11-12-2025 23:00,Annual,Million tonnes of oil equivalent,European Union - 27 countries (from 2020),2006,1511.4,,
ESTAT:SDG_07_10(1.0),11-12-2025 23:00,Annual,Million tonnes of oil equivalent,European Union - 27 countries (from 2020),2007,1490.2,,
ESTAT:SDG_07_10(1.0),11-12-2025 23:00,Annual,Million tonnes of oil equivalent,European Union - 27 countries (from 2020),2008,1488.8,,
ESTAT:SDG_07_10(1.0),11-12-2025 23:00,Annual,Million tonnes of oil equivalent,European Union - 27 countries (from 2020),2009,1403.3,,
ESTAT:SDG_07_10(1.0),11-12-2025 23:00,Annual,Million tonnes of oil equivalent,European Union - 27 countries (from 2020),2010,1458.3,,
ESTAT:SDG_07_10(1.0),11-12-2025 23:00,Annual,Million tonnes of oil equivalent,European Union - 27 countries (from 2020),2011,1410.8,,
ESTAT:SDG_07_10(1.0),11-12-2025 23:00,Annual,Million tonnes of oil equivalent,European Union - 27 countries (from 2020),2012,1395.3,,
ESTAT:SDG_07_10(1.0),11-12-2025 23:00,Annual,Million tonnes of oil equivalent,European Union - 27 countries (from 2020),2013,1383.2,,
ESTAT:SDG_07_10(1.0),11-12-2025 23:00,Annual,Million tonnes of oil equivalent,European Union - 27 countries (from 2020),2014,1329.9,,
ESTAT:SDG_07_10(1.0),11-12-2025 23:00,Annual,Million tonnes of oil equivalent,European Union - 27 countries (from 2020),2015,1352.7,,
ESTAT:SDG_07_10(1.0),11-12-2025 23:00,Annual,Million tonnes of oil equivalent,European Union - 27 countries (from 2020),2016,1364.4,,
ESTAT:SDG_07_10(1.0),11-12-2025 23:00,Annual,Million tonnes of oil equivalent,European Union - 27 countries (from 2020),2017,1384.4,,
ESTAT:SDG_07_10(1.0),11-12-2025 23:00,Annual,Million tonnes of oil equivalent,European Union - 27 countries (from 2020),2018,1377.5,,
ESTAT:SDG_07_10(1.0),11-12-2025 23:00,Annual,Million tonnes of oil equivalent,European Union - 27 countries (from 2020),2019,1354.1,,
ESTAT:SDG_07_10(1.0),11-12-2025 23:00,Annual,Million tonnes of oil equivalent,European Union - 27 countries (from 2020),2020,1237.3,,
ESTAT:SDG_07_10(1.0),11-12-2025 23:00,Annual,Million tonnes of oil equivalent,European Union - 27 countries (from 2020),2021,1314.2,,
ESTAT:SDG_07_10(1.0),11-12-2025 23:00,Annual,Million tonnes of oil equivalent,European Union - 27 countries (from 2020),2022,1260,,
ESTAT:SDG_07_10(1.0),11-12-2025 23:00,Annual,Million tonnes of oil equivalent,European Union - 27 countries (from 2020),2023,1212,,
ESTAT:SDG_07_10(1.0),11-12-2025 23:00,Annual,Million tonnes of oil equivalent,European Union - 27 countries (from 2020),2024,1202.4,,
ESTAT:SDG_07_10(1.0),11-12-2025 23:00,Annual,Million tonnes of oil equivalent,Finland,2005,33.6,,
ESTAT:SDG_07_10(1.0),11-12-2025 23:00,Annual,Million tonnes of oil equivalent,Finland,2006,36.7,,
ESTAT:SDG_07_10(1.0),11-12-2025 23:00,Annual,Million tonnes of oil equivalent,Finland,2007,36,,
ESTAT:SDG_07_10(1.0),11-12-2025 23:00,Annual,Million tonnes of oil equivalent,Finland,2008,34.5,,
ESTAT:SDG_07_10(1.0),11-12-2025 23:00,Annual,Million tonnes of oil equivalent,Finland,2009,32.3,,
ESTAT:SDG_07_10(1.0),11-12-2025 23:00,Annual,Million tonnes of oil equivalent,Finland,2010,35.4,,
ESTAT:SDG_07_10(1.0),11-12-2025 23:00,Annual,Million tonnes of oil equivalent,Finland,2011,34.2,,
ESTAT:SDG_07_10(1.0),11-12-2025 23:00,Annual,Million tonnes of oil equivalent,Finland,2012,33,,
ESTAT:SDG_07_10(1.0),11-12-2025 23:00,Annual,Million tonnes of oil equivalent,Finland,2013,32,,
ESTAT:SDG_07_10(1.0),11-12-2025 23:00,Annual,Million tonnes of oil equivalent,Finland,2014,32.7,,
ESTAT:SDG_07_10(1.0),11-12-2025 23:00,Annual,Million tonnes of oil equivalent,Finland,2015,31.2,,
ESTAT:SDG_07_10(1.0),11-12-2025 23:00,Annual,Million tonnes of oil equivalent,Finland,2016,32.3,,
ESTAT:SDG_07_10(1.0),11-12-2025 23:00,Annual,Million tonnes of oil equivalent,Finland,2017,32.2,,
ESTAT:SDG_07_10(1.0),11-12-2025 23:00,Annual,Million tonnes of oil equivalent,Finland,2018,32.8,,
ESTAT:SDG_07_10(1.0),11-12-2025 23:00,Annual,Million tonnes of oil equivalent,Finland,2019,32.1,,
ESTAT:SDG_07_10(1.0),11-12-2025 23:00,Annual,Million tonnes of oil equivalent,Finland,2020,29.9,,
ESTAT:SDG_07_10(1.0),11-12-2025 23:00,Annual,Million tonnes of oil equivalent,Finland,2021,31.5,,
ESTAT:SDG_07_10(1.0),11-12-2025 23:00,Annual,Million tonnes of oil equivalent,Finland,2022,30.2,,
ESTAT:SDG_07_10(1.0),11-12-2025 23:00,Annual,Million tonnes of oil equivalent,Finland,2023,31.2,,
ESTAT:SDG_07_10(1.0),11-12-2025 23:00,Annual,Million tonnes of oil equivalent,Finland,2024,30.2,,
ESTAT:SDG_07_10(1.0),11-12-2025 23:00,Annual,Million tonnes of oil equivalent,France,2005,260.9,,
ESTAT:SDG_07_10(1.0),11-12-2025 23:00,Annual,Million tonnes of oil equivalent,France,2006,256.1,,
ESTAT:SDG_07_10(1.0),11-12-2025 23:00,Annual,Million tonnes of oil equivalent,France,2007,252.7,,
ESTAT:SDG_07_10(1.0),11-12-2025 23:00,Annual,Million tonnes of oil equivalent,France,2008,255.5,,
ESTAT:SDG_07_10(1.0),11-12-2025 23:00,Annual,Million tonnes of oil equivalent,France,2009,246.4,,
ESTAT:SDG_07_10(1.0),11-12-2025 23:00,Annual,Million tonnes of oil equivalent,France,2010,254.5,,
ESTAT:SDG_07_10(1.0),11-12-2025 23:00,Annual,Million tonnes of oil equivalent,France,2011,247,,
ESTAT:SDG_07_10(1.0),11-12-2025 23:00,Annual,Million tonnes of oil equivalent,France,2012,247.4,,
ESTAT:SDG_07_10(1.0),11-12-2025 23:00,Annual,Million tonnes of oil equivalent,France,2013,249,,
ESTAT:SDG_07_10(1.0),11-12-2025 23:00,Annual,Million tonnes of oil equivalent,France,2014,238.9,,
ESTAT:SDG_07_10(1.0),11-12-2025 23:00,Annual,Million tonnes of oil equivalent,France,2015,243.7,,
ESTAT:SDG_07_10(1.0),11-12-2025 23:00,Annual,Million tonnes of oil equivalent,France,2016,239.6,,
ESTAT:SDG_07_10(1.0),11-12-2025 23:00,Annual,Million tonnes of oil equivalent,France,2017,238.6,,
ESTAT:SDG_07_10(1.0),11-12-2025 23:00,Annual,Million tonnes of oil equivalent,France,2018,238.1,,
ESTAT:SDG_07_10(1.0),11-12-2025 23:00,Annual,Million tonnes of oil equivalent,France,2019,235.2,,
ESTAT:SDG_07_10(1.0),11-12-2025 23:00,Annual,Million tonnes of oil equivalent,France,2020,209.4,,
ESTAT:SDG_07_10(1.0),11-12-2025 23:00,Annual,Million tonnes of oil equivalent,France,2021,225.8,,
ESTAT:SDG_07_10(1.0),11-12-2025 23:00,Annual,Million tonnes of oil equivalent,France,2022,206.2,,
ESTAT:SDG_07_10(1.0),11-12-2025 23:00,Annual,Million tonnes of oil equivalent,France,2023,213.2,,
ESTAT:SDG_07_10(1.0),11-12-2025 23:00,Annual,Million tonnes of oil equivalent,France,2024,211,,
ESTAT:SDG_07_10(1.0),11-12-2025 23:00,Annual,Million tonnes of oil equivalent,Georgia,2013,4,,
ESTAT:SDG_07_10(1.0),11-12-2025 23:00,Annual,Million tonnes of oil equivalent,Georgia,2014,4.3,,
ESTAT:SDG_07_10(1.0),11-12-2025 23:00,Annual,Million tonnes of oil equivalent,Georgia,2015,4.5,,
ESTAT:SDG_07_10(1.0),11-12-2025 23:00,Annual,Million tonnes of oil equivalent,Georgia,2016,4.7,,
ESTAT:SDG_07_10(1.0),11-12-2025 23:00,Annual,Million tonnes of oil equivalent,Georgia,2017,4.8,,
ESTAT:SDG_07_10(1.0),11-12-2025 23:00,Annual,Million tonnes of oil equivalent,Georgia,2018,4.7,,
ESTAT:SDG_07_10(1.0),11-12-2025 23:00,Annual,Million tonnes of oil equivalent,Georgia,2019,4.9,,
ESTAT:SDG_07_10(1.0),11-12-2025 23:00,Annual,Million tonnes of oil equivalent,Georgia,2020,4.7,,
ESTAT:SDG_07_10(1.0),11-12-2025 23:00,Annual,Million tonnes of oil equivalent,Georgia,2021,5.1,,
ESTAT:SDG_07_10(1.0),11-12-2025 23:00,Annual,Million tonnes of oil equivalent,Georgia,2022,5.6,,
ESTAT:SDG_07_10(1.0),11-12-2025 23:00,Annual,Million tonnes of oil equivalent,Croatia,2005,9.1,,
ESTAT:SDG_07_10(1.0),11-12-2025 23:00,Annual,Million tonnes of oil equivalent,Croatia,2006,9.1,,
ESTAT:SDG_07_10(1.0),11-12-2025 23:00,Annual,Million tonnes of oil equivalent,Croatia,2007,9.4,,
ESTAT:SDG_07_10(1.0),11-12-2025 23:00,Annual,Million tonnes of oil equivalent,Croatia,2008,9.2,,
ESTAT:SDG_07_10(1.0),11-12-2025 23:00,Annual,Million tonnes of oil equivalent,Croatia,2009,9,,
ESTAT:SDG_07_10(1.0),11-12-2025 23:00,Annual,Million tonnes of oil equivalent,Croatia,2010,8.9,,
ESTAT:SDG_07_10(1.0),11-12-2025 23:00,Annual,Million tonnes of oil equivalent,Croatia,2011,8.7,,
ESTAT:SDG_07_10(1.0),11-12-2025 23:00,Annual,Million tonnes of oil equivalent,Croatia,2012,8.2,,
ESTAT:SDG_07_10(1.0),11-12-2025 23:00,Annual,Million tonnes of oil equivalent,Croatia,2013,8,,
ESTAT:SDG_07_10(1.0),11-12-2025 23:00,Annual,Million tonnes of oil equivalent,Croatia,2014,7.6,,
ESTAT:SDG_07_10(1.0),11-12-2025 23:00,Annual,Million tonnes of oil equivalent,Croatia,2015,8,,
ESTAT:SDG_07_10(1.0),11-12-2025 23:00,Annual,Million tonnes of oil equivalent,Croatia,2016,8.1,,
ESTAT:SDG_07_10(1.0),11-12-2025 23:00,Annual,Million tonnes of oil equivalent,Croatia,2017,8.3,,
ESTAT:SDG_07_10(1.0),11-12-2025 23:00,Annual,Million tonnes of oil equivalent,Croatia,2018,8.2,,
ESTAT:SDG_07_10(1.0),11-12-2025 23:00,Annual,Million tonnes of oil equivalent,Croatia,2019,8.2,,
ESTAT:SDG_07_10(1.0),11-12-2025 23:00,Annual,Million tonnes of oil equivalent,Croatia,2020,7.8,,
ESTAT:SDG_07_10(1.0),11-12-2025 23:00,Annual,Million tonnes of oil equivalent,Croatia,2021,8.3,,
ESTAT:SDG_07_10(1.0),11-12-2025 23:00,Annual,Million tonnes of oil equivalent,Croatia,2022,8.3,,
ESTAT:SDG_07_10(1.0),11-12-2025 23:00,Annual,Million tonnes of oil equivalent,Croatia,2023,8.5,,
ESTAT:SDG_07_10(1.0),11-12-2025 23:00,Annual,Million tonnes of oil equivalent,Croatia,2024,8.7,,
ESTAT:SDG_07_10(1.0),11-12-2025 23:00,Annual,Million tonnes of oil equivalent,Hungary,2005,26.3,,
ESTAT:SDG_07_10(1.0),11-12-2025 23:00,Annual,Million tonnes of oil equivalent,Hungary,2006,26,,
ESTAT:SDG_07_10(1.0),11-12-2025 23:00,Annual,Million tonnes of oil equivalent,Hungary,2007,25.4,,
ESTAT:SDG_07_10(1.0),11-12-2025 23:00,Annual,Million tonnes of oil equivalent,Hungary,2008,25.2,,
ESTAT:SDG_07_10(1.0),11-12-2025 23:00,Annual,Million tonnes of oil equivalent,Hungary,2009,24,,
ESTAT:SDG_07_10(1.0),11-12-2025 23:00,Annual,Million tonnes of oil equivalent,Hungary,2010,24.6,,
ESTAT:SDG_07_10(1.0),11-12-2025 23:00,Annual,Million tonnes of oil equivalent,Hungary,2011,24.4,,
ESTAT:SDG_07_10(1.0),11-12-2025 23:00,Annual,Million tonnes of oil equivalent,Hungary,2012,23.1,,
ESTAT:SDG_07_10(1.0),11-12-2025 23:00,Annual,Million tonnes of oil equivalent,Hungary,2013,22.4,,
ESTAT:SDG_07_10(1.0),11-12-2025 23:00,Annual,Million tonnes of oil equivalent,Hungary,2014,22,,
ESTAT:SDG_07_10(1.0),11-12-2025 23:00,Annual,Million tonnes of oil equivalent,Hungary,2015,23.3,,
ESTAT:SDG_07_10(1.0),11-12-2025 23:00,Annual,Million tonnes of oil equivalent,Hungary,2016,23.7,,
ESTAT:SDG_07_10(1.0),11-12-2025 23:00,Annual,Million tonnes of oil equivalent,Hungary,2017,24.5,,
ESTAT:SDG_07_10(1.0),11-12-2025 23:00,Annual,Million tonnes of oil equivalent,Hungary,2018,24.5,,
ESTAT:SDG_07_10(1.0),11-12-2025 23:00,Annual,Million tonnes of oil equivalent,Hungary,2019,24.6,,
ESTAT:SDG_07_10(1.0),11-12-2025 23:00,Annual,Million tonnes of oil equivalent,Hungary,2020,23.9,,
ESTAT:SDG_07_10(1.0),11-12-2025 23:00,Annual,Million tonnes of oil equivalent,Hungary,2021,24.9,,
ESTAT:SDG_07_10(1.0),11-12-2025 23:00,Annual,Million tonnes of oil equivalent,Hungary,2022,23.9,,
ESTAT:SDG_07_10(1.0),11-12-2025 23:00,Annual,Million tonnes of oil equivalent,Hungary,2023,22.1,,
ESTAT:SDG_07_10(1.0),11-12-2025 23:00,Annual,Million tonnes of oil equivalent,Hungary,2024,22.2,,
ESTAT:SDG_07_10(1.0),11-12-2025 23:00,Annual,Million tonnes of oil equivalent,Ireland,2005,15,,
ESTAT:SDG_07_10(1.0),11-12-2025 23:00,Annual,Million tonnes of oil equivalent,Ireland,2006,15.1,,
ESTAT:SDG_07_10(1.0),11-12-2025 23:00,Annual,Million tonnes of oil equivalent,Ireland,2007,16,,
ESTAT:SDG_07_10(1.0),11-12-2025 23:00,Annual,Million tonnes of oil equivalent,Ireland,2008,15.7,,
ESTAT:SDG_07_10(1.0),11-12-2025 23:00,Annual,Million tonnes of oil equivalent,Ireland,2009,14.9,,
ESTAT:SDG_07_10(1.0),11-12-2025 23:00,Annual,Million tonnes of oil equivalent,Ireland,2010,14.7,,
ESTAT:SDG_07_10(1.0),11-12-2025 23:00,Annual,Million tonnes of oil equivalent,Ireland,2011,13.6,,
ESTAT:SDG_07_10(1.0),11-12-2025 23:00,Annual,Million tonnes of oil equivalent,Ireland,2012,13.7,,
ESTAT:SDG_07_10(1.0),11-12-2025 23:00,Annual,Million tonnes of oil equivalent,Ireland,2013,13,,
ESTAT:SDG_07_10(1.0),11-12-2025 23:00,Annual,Million tonnes of oil equivalent,Ireland,2014,13.2,,
ESTAT:SDG_07_10(1.0),11-12-2025 23:00,Annual,Million tonnes of oil equivalent,Ireland,2015,13.9,,
ESTAT:SDG_07_10(1.0),11-12-2025 23:00,Annual,Million tonnes of oil equivalent,Ireland,2016,14.7,,
ESTAT:SDG_07_10(1.0),11-12-2025 23:00,Annual,Million tonnes of oil equivalent,Ireland,2017,14.6,,
ESTAT:SDG_07_10(1.0),11-12-2025 23:00,Annual,Million tonnes of oil equivalent,Ireland,2018,14.6,,
ESTAT:SDG_07_10(1.0),11-12-2025 23:00,Annual,Million tonnes of oil equivalent,Ireland,2019,14.7,,
ESTAT:SDG_07_10(1.0),11-12-2025 23:00,Annual,Million tonnes of oil equivalent,Ireland,2020,13.5,,
ESTAT:SDG_07_10(1.0),11-12-2025 23:00,Annual,Million tonnes of oil equivalent,Ireland,2021,13.8,,
ESTAT:SDG_07_10(1.0),11-12-2025 23:00,Annual,Million tonnes of oil equivalent,Ireland,2022,14.4,,
ESTAT:SDG_07_10(1.0),11-12-2025 23:00,Annual,Million tonnes of oil equivalent,Ireland,2023,14.1,,
ESTAT:SDG_07_10(1.0),11-12-2025 23:00,Annual,Million tonnes of oil equivalent,Ireland,2024,14.3,,
ESTAT:SDG_07_10(1.0),11-12-2025 23:00,Annual,Million tonnes of oil equivalent,Iceland,2005,3.2,,
ESTAT:SDG_07_10(1.0),11-12-2025 23:00,Annual,Million tonnes of oil equivalent,Iceland,2006,4,,
ESTAT:SDG_07_10(1.0),11-12-2025 23:00,Annual,Million tonnes of oil equivalent,Iceland,2007,4.8,,
ESTAT:SDG_07_10(1.0),11-12-2025 23:00,Annual,Million tonnes of oil equivalent,Iceland,2008,5.3,,
ESTAT:SDG_07_10(1.0),11-12-2025 23:00,Annual,Million tonnes of oil equivalent,Iceland,2009,5.5,,
ESTAT:SDG_07_10(1.0),11-12-2025 23:00,Annual,Million tonnes of oil equivalent,Iceland,2010,5.5,,
ESTAT:SDG_07_10(1.0),11-12-2025 23:00,Annual,Million tonnes of oil equivalent,Iceland,2011,5.9,,
ESTAT:SDG_07_10(1.0),11-12-2025 23:00,Annual,Million tonnes of oil equivalent,Iceland,2012,5.8,,
ESTAT:SDG_07_10(1.0),11-12-2025 23:00,Annual,Million tonnes of oil equivalent,Iceland,2013,6.1,,
ESTAT:SDG_07_10(1.0),11-12-2025 23:00,Annual,Million tonnes of oil equivalent,Iceland,2014,6.1,,
ESTAT:SDG_07_10(1.0),11-12-2025 23:00,Annual,Million tonnes of oil equivalent,Iceland,2015,5.8,,
ESTAT:SDG_07_10(1.0),11-12-2025 23:00,Annual,Million tonnes of oil equivalent,Iceland,2016,5.5,,
ESTAT:SDG_07_10(1.0),11-12-2025 23:00,Annual,Million tonnes of oil equivalent,Iceland,2017,5.8,,
ESTAT:SDG_07_10(1.0),11-12-2025 23:00,Annual,Million tonnes of oil equivalent,Iceland,2018,6.4,,
ESTAT:SDG_07_10(1.0),11-12-2025 23:00,Annual,Million tonnes of oil equivalent,Iceland,2019,6.2,,
ESTAT:SDG_07_10(1.0),11-12-2025 23:00,Annual,Million tonnes of oil equivalent,Iceland,2020,5.9,,
ESTAT:SDG_07_10(1.0),11-12-2025 23:00,Annual,Million tonnes of oil equivalent,Iceland,2021,5.9,,
ESTAT:SDG_07_10(1.0),11-12-2025 23:00,Annual,Million tonnes of oil equivalent,Iceland,2022,6.2,,
ESTAT:SDG_07_10(1.0),11-12-2025 23:00,Annual,Million tonnes of oil equivalent,Iceland,2023,6.2,,
ESTAT:SDG_07_10(1.0),11-12-2025 23:00,Annual,Million tonnes of oil equivalent,Italy,2005,180.8,,
ESTAT:SDG_07_10(1.0),11-12-2025 23:00,Annual,Million tonnes of oil equivalent,Italy,2006,179,,
ESTAT:SDG_07_10(1.0),11-12-2025 23:00,Annual,Million tonnes of oil equivalent,Italy,2007,178.7,,
ESTAT:SDG_07_10(1.0),11-12-2025 23:00,Annual,Million tonnes of oil equivalent,Italy,2008,176.1,,
ESTAT:SDG_07_10(1.0),11-12-2025 23:00,Annual,Million tonnes of oil equivalent,Italy,2009,164.1,,
ESTAT:SDG_07_10(1.0),11-12-2025 23:00,Annual,Million tonnes of oil equivalent,Italy,2010,167.3,,
ESTAT:SDG_07_10(1.0),11-12-2025 23:00,Annual,Million tonnes of oil equivalent,Italy,2011,162,,
ESTAT:SDG_07_10(1.0),11-12-2025 23:00,Annual,Million tonnes of oil equivalent,Italy,2012,156.6,,
ESTAT:SDG_07_10(1.0),11-12-2025 23:00,Annual,Million tonnes of oil equivalent,Italy,2013,152.1,,
ESTAT:SDG_07_10(1.0),11-12-2025 23:00,Annual,Million tonnes of oil equivalent,Italy,2014,142.7,,
ESTAT:SDG_07_10(1.0),11-12-2025 23:00,Annual,Million tonnes of oil equivalent,Italy,2015,149.1,,
ESTAT:SDG_07_10(1.0),11-12-2025 23:00,Annual,Million tonnes of oil equivalent,Italy,2016,148,,
ESTAT:SDG_07_10(1.0),11-12-2025 23:00,Annual,Million tonnes of oil equivalent,Italy,2017,149,,
ESTAT:SDG_07_10(1.0),11-12-2025 23:00,Annual,Million tonnes of oil equivalent,Italy,2018,147.3,,
ESTAT:SDG_07_10(1.0),11-12-2025 23:00,Annual,Million tonnes of oil equivalent,Italy,2019,145.9,,
ESTAT:SDG_07_10(1.0),11-12-2025 23:00,Annual,Million tonnes of oil equivalent,Italy,2020,132.4,,
ESTAT:SDG_07_10(1.0),11-12-2025 23:00,Annual,Million tonnes of oil equivalent,Italy,2021,145.5,,
ESTAT:SDG_07_10(1.0),11-12-2025 23:00,Annual,Million tonnes of oil equivalent,Italy,2022,139,,
ESTAT:SDG_07_10(1.0),11-12-2025 23:00,Annual,Million tonnes of oil equivalent,Italy,2023,133.8,,
ESTAT:SDG_07_10(1.0),11-12-2025 23:00,Annual,Million tonnes of oil equivalent,Italy,2024,131.3,,
ESTAT:SDG_07_10(1.0),11-12-2025 23:00,Annual,Million tonnes of oil equivalent,Lithuania,2005,8.1,,
ESTAT:SDG_07_10(1.0),11-12-2025 23:00,Annual,Million tonnes of oil equivalent,Lithuania,2006,7.9,,
ESTAT:SDG_07_10(1.0),11-12-2025 23:00,Annual,Million tonnes of oil equivalent,Lithuania,2007,8.1,,
ESTAT:SDG_07_10(1.0),11-12-2025 23:00,Annual,Million tonnes of oil equivalent,Lithuania,2008,8.3,,
ESTAT:SDG_07_10(1.0),11-12-2025 23:00,Annual,Million tonnes of oil equivalent,Lithuania,2009,7.9,,
ESTAT:SDG_07_10(1.0),11-12-2025 23:00,Annual,Million tonnes of oil equivalent,Lithuania,2010,6.2,,
ESTAT:SDG_07_10(1.0),11-12-2025 23:00,Annual,Million tonnes of oil equivalent,Lithuania,2011,5.9,,
ESTAT:SDG_07_10(1.0),11-12-2025 23:00,Annual,Million tonnes of oil equivalent,Lithuania,2012,6,,
ESTAT:SDG_07_10(1.0),11-12-2025 23:00,Annual,Million tonnes of oil equivalent,Lithuania,2013,5.8,,
ESTAT:SDG_07_10(1.0),11-12-2025 23:00,Annual,Million tonnes of oil equivalent,Lithuania,2014,5.8,,
ESTAT:SDG_07_10(1.0),11-12-2025 23:00,Annual,Million tonnes of oil equivalent,Lithuania,2015,5.8,,
ESTAT:SDG_07_10(1.0),11-12-2025 23:00,Annual,Million tonnes of oil equivalent,Lithuania,2016,6,,
ESTAT:SDG_07_10(1.0),11-12-2025 23:00,Annual,Million tonnes of oil equivalent,Lithuania,2017,6.2,,
ESTAT:SDG_07_10(1.0),11-12-2025 23:00,Annual,Million tonnes of oil equivalent,Lithuania,2018,6.4,,
ESTAT:SDG_07_10(1.0),11-12-2025 23:00,Annual,Million tonnes of oil equivalent,Lithuania,2019,6.3,,
ESTAT:SDG_07_10(1.0),11-12-2025 23:00,Annual,Million tonnes of oil equivalent,Lithuania,2020,6.2,,
ESTAT:SDG_07_10(1.0),11-12-2025 23:00,Annual,Million tonnes of oil equivalent,Lithuania,2021,6.6,,
ESTAT:SDG_07_10(1.0),11-12-2025 23:00,Annual,Million tonnes of oil equivalent,Lithuania,2022,6.3,,
ESTAT:SDG_07_10(1.0),11-12-2025 23:00,Annual,Million tonnes of oil equivalent,Lithuania,2023,6.3,,
ESTAT:SDG_07_10(1.0),11-12-2025 23:00,Annual,Million tonnes of oil equivalent,Lithuania,2024,6.6,,
ESTAT:SDG_07_10(1.0),11-12-2025 23:00,Annual,Million tonnes of oil equivalent,Luxembourg,2005,4.8,,
ESTAT:SDG_07_10(1.0),11-12-2025 23:00,Annual,Million tonnes of oil equivalent,Luxembourg,2006,4.7,,
ESTAT:SDG_07_10(1.0),11-12-2025 23:00,Annual,Million tonnes of oil equivalent,Luxembourg,2007,4.6,,
ESTAT:SDG_07_10(1.0),11-12-2025 23:00,Annual,Million tonnes of oil equivalent,Luxembourg,2008,4.6,,
ESTAT:SDG_07_10(1.0),11-12-2025 23:00,Annual,Million tonnes of oil equivalent,Luxembourg,2009,4.3,,
ESTAT:SDG_07_10(1.0),11-12-2025 23:00,Annual,Million tonnes of oil equivalent,Luxembourg,2010,4.6,,
ESTAT:SDG_07_10(1.0),11-12-2025 23:00,Annual,Million tonnes of oil equivalent,Luxembourg,2011,4.5,,
ESTAT:SDG_07_10(1.0),11-12-2025 23:00,Annual,Million tonnes of oil equivalent,Luxembourg,2012,4.4,,
ESTAT:SDG_07_10(1.0),11-12-2025 23:00,Annual,Million tonnes of oil equivalent,Luxembourg,2013,4.3,,
ESTAT:SDG_07_10(1.0),11-12-2025 23:00,Annual,Million tonnes of oil equivalent,Luxembourg,2014,4.2,,
ESTAT:SDG_07_10(1.0),11-12-2025 23:00,Annual,Million tonnes of oil equivalent,Luxembourg,2015,4.1,,
ESTAT:SDG_07_10(1.0),11-12-2025 23:00,Annual,Million tonnes of oil equivalent,Luxembourg,2016,4.2,,
ESTAT:SDG_07_10(1.0),11-12-2025 23:00,Annual,Million tonnes of oil equivalent,Luxembourg,2017,4.3,,
ESTAT:SDG_07_10(1.0),11-12-2025 23:00,Annual,Million tonnes of oil equivalent,Luxembourg,2018,4.5,,
ESTAT:SDG_07_10(1.0),11-12-2025 23:00,Annual,Million tonnes of oil equivalent,Luxembourg,2019,4.5,,
ESTAT:SDG_07_10(1.0),11-12-2025 23:00,Annual,Million tonnes of oil equivalent,Luxembourg,2020,3.9,,
ESTAT:SDG_07_10(1.0),11-12-2025 23:00,Annual,Million tonnes of oil equivalent,Luxembourg,2021,4.2,,
ESTAT:SDG_07_10(1.0),11-12-2025 23:00,Annual,Million tonnes of oil equivalent,Luxembourg,2022,3.8,,
ESTAT:SDG_07_10(1.0),11-12-2025 23:00,Annual,Million tonnes of oil equivalent,Luxembourg,2023,3.6,,
ESTAT:SDG_07_10(1.0),11-12-2025 23:00,Annual,Million tonnes of oil equivalent,Luxembourg,2024,3.7,,
ESTAT:SDG_07_10(1.0),11-12-2025 23:00,Annual,Million tonnes of oil equivalent,Latvia,2005,4.5,,
ESTAT:SDG_07_10(1.0),11-12-2025 23:00,Annual,Million tonnes of oil equivalent,Latvia,2006,4.7,,
ESTAT:SDG_07_10(1.0),11-12-2025 23:00,Annual,Million tonnes of oil equivalent,Latvia,2007,4.8,,
ESTAT:SDG_07_10(1.0),11-12-2025 23:00,Annual,Million tonnes of oil equivalent,Latvia,2008,4.6,,
ESTAT:SDG_07_10(1.0),11-12-2025 23:00,Annual,Million tonnes of oil equivalent,Latvia,2009,4.4,,
ESTAT:SDG_07_10(1.0),11-12-2025 23:00,Annual,Million tonnes of oil equivalent,Latvia,2010,4.6,,
ESTAT:SDG_07_10(1.0),11-12-2025 23:00,Annual,Million tonnes of oil equivalent,Latvia,2011,4.3,,
ESTAT:SDG_07_10(1.0),11-12-2025 23:00,Annual,Million tonnes of oil equivalent,Latvia,2012,4.4,,
ESTAT:SDG_07_10(1.0),11-12-2025 23:00,Annual,Million tonnes of oil equivalent,Latvia,2013,4.4,,
ESTAT:SDG_07_10(1.0),11-12-2025 23:00,Annual,Million tonnes of oil equivalent,Latvia,2014,4.4,,
ESTAT:SDG_07_10(1.0),11-12-2025 23:00,Annual,Million tonnes of oil equivalent,Latvia,2015,4.3,,
ESTAT:SDG_07_10(1.0),11-12-2025 23:00,Annual,Million tonnes of oil equivalent,Latvia,2016,4.3,,
ESTAT:SDG_07_10(1.0),11-12-2025 23:00,Annual,Million tonnes of oil equivalent,Latvia,2017,4.5,,
ESTAT:SDG_07_10(1.0),11-12-2025 23:00,Annual,Million tonnes of oil equivalent,Latvia,2018,4.7,,
ESTAT:SDG_07_10(1.0),11-12-2025 23:00,Annual,Million tonnes of oil equivalent,Latvia,2019,4.6,,
ESTAT:SDG_07_10(1.0),11-12-2025 23:00,Annual,Million tonnes of oil equivalent,Latvia,2020,4.3,,
ESTAT:SDG_07_10(1.0),11-12-2025 23:00,Annual,Million tonnes of oil equivalent,Latvia,2021,4.5,,
ESTAT:SDG_07_10(1.0),11-12-2025 23:00,Annual,Million tonnes of oil equivalent,Latvia,2022,4.3,,
ESTAT:SDG_07_10(1.0),11-12-2025 23:00,Annual,Million tonnes of oil equivalent,Latvia,2023,4.3,,
ESTAT:SDG_07_10(1.0),11-12-2025 23:00,Annual,Million tonnes of oil equivalent,Latvia,2024,4.3,,
ESTAT:SDG_07_10(1.0),11-12-2025 23:00,Annual,Million tonnes of oil equivalent,Moldova,2010,2.5,,
ESTAT:SDG_07_10(1.0),11-12-2025 23:00,Annual,Million tonnes of oil equivalent,Moldova,2011,2.6,,
ESTAT:SDG_07_10(1.0),11-12-2025 23:00,Annual,Million tonnes of oil equivalent,Moldova,2012,2.5,,
ESTAT:SDG_07_10(1.0),11-12-2025 23:00,Annual,Million tonnes of oil equivalent,Moldova,2013,2.5,,
ESTAT:SDG_07_10(1.0),11-12-2025 23:00,Annual,Million tonnes of oil equivalent,Moldova,2014,2.5,,
ESTAT:SDG_07_10(1.0),11-12-2025 23:00,Annual,Million tonnes of oil equivalent,Moldova,2015,2.6,,
ESTAT:SDG_07_10(1.0),11-12-2025 23:00,Annual,Million tonnes of oil equivalent,Moldova,2016,2.7,,
ESTAT:SDG_07_10(1.0),11-12-2025 23:00,Annual,Million tonnes of oil equivalent,Moldova,2017,2.8,,
ESTAT:SDG_07_10(1.0),11-12-2025 23:00,Annual,Million tonnes of oil equivalent,Moldova,2018,2.9,,
ESTAT:SDG_07_10(1.0),11-12-2025 23:00,Annual,Million tonnes of oil equivalent,Moldova,2019,2.8,,
ESTAT:SDG_07_10(1.0),11-12-2025 23:00,Annual,Million tonnes of oil equivalent,Moldova,2020,2.6,,
ESTAT:SDG_07_10(1.0),11-12-2025 23:00,Annual,Million tonnes of oil equivalent,Moldova,2021,3,,
ESTAT:SDG_07_10(1.0),11-12-2025 23:00,Annual,Million tonnes of oil equivalent,Moldova,2022,2.6,,
ESTAT:SDG_07_10(1.0),11-12-2025 23:00,Annual,Million tonnes of oil equivalent,Moldova,2023,2.5,,
ESTAT:SDG_07_10(1.0),11-12-2025 23:00,Annual,Million tonnes of oil equivalent,Montenegro,2005,1,,
ESTAT:SDG_07_10(1.0),11-12-2025 23:00,Annual,Million tonnes of oil equivalent,Montenegro,2006,1.1,,
ESTAT:SDG_07_10(1.0),11-12-2025 23:00,Annual,Million tonnes of oil equivalent,Montenegro,2007,1.1,,
ESTAT:SDG_07_10(1.0),11-12-2025 23:00,Annual,Million tonnes of oil equivalent,Montenegro,2008,1.2,,
ESTAT:SDG_07_10(1.0),11-12-2025 23:00,Annual,Million tonnes of oil equivalent,Montenegro,2009,0.9,,
ESTAT:SDG_07_10(1.0),11-12-2025 23:00,Annual,Million tonnes of oil equivalent,Montenegro,2010,1.1,,
ESTAT:SDG_07_10(1.0),11-12-2025 23:00,Annual,Million tonnes of oil equivalent,Montenegro,2011,1.1,,
ESTAT:SDG_07_10(1.0),11-12-2025 23:00,Annual,Million tonnes of oil equivalent,Montenegro,2012,1,,
ESTAT:SDG_07_10(1.0),11-12-2025 23:00,Annual,Million tonnes of oil equivalent,Montenegro,2013,1,,
ESTAT:SDG_07_10(1.0),11-12-2025 23:00,Annual,Million tonnes of oil equivalent,Montenegro,2014,1,,
ESTAT:SDG_07_10(1.0),11-12-2025 23:00,Annual,Million tonnes of oil equivalent,Montenegro,2015,1,,
ESTAT:SDG_07_10(1.0),11-12-2025 23:00,Annual,Million tonnes of oil equivalent,Montenegro,2016,1,,
ESTAT:SDG_07_10(1.0),11-12-2025 23:00,Annual,Million tonnes of oil equivalent,Montenegro,2017,1,,
ESTAT:SDG_07_10(1.0),11-12-2025 23:00,Annual,Million tonnes of oil equivalent,Montenegro,2018,1,,
ESTAT:SDG_07_10(1.0),11-12-2025 23:00,Annual,Million tonnes of oil equivalent,Montenegro,2019,1.1,,
ESTAT:SDG_07_10(1.0),11-12-2025 23:00,Annual,Million tonnes of oil equivalent,Montenegro,2020,1,,
ESTAT:SDG_07_10(1.0),11-12-2025 23:00,Annual,Million tonnes of oil equivalent,Montenegro,2021,1.1,,
ESTAT:SDG_07_10(1.0),11-12-2025 23:00,Annual,Million tonnes of oil equivalent,Montenegro,2022,1,,
ESTAT:SDG_07_10(1.0),11-12-2025 23:00,Annual,Million tonnes of oil equivalent,Montenegro,2023,1.1,,
ESTAT:SDG_07_10(1.0),11-12-2025 23:00,Annual,Million tonnes of oil equivalent,North Macedonia,2005,2.9,,
ESTAT:SDG_07_10(1.0),11-12-2025 23:00,Annual,Million tonnes of oil equivalent,North Macedonia,2006,2.9,,
ESTAT:SDG_07_10(1.0),11-12-2025 23:00,Annual,Million tonnes of oil equivalent,North Macedonia,2007,3.1,,
ESTAT:SDG_07_10(1.0),11-12-2025 23:00,Annual,Million tonnes of oil equivalent,North Macedonia,2008,3,,
ESTAT:SDG_07_10(1.0),11-12-2025 23:00,Annual,Million tonnes of oil equivalent,North Macedonia,2009,2.8,,
ESTAT:SDG_07_10(1.0),11-12-2025 23:00,Annual,Million tonnes of oil equivalent,North Macedonia,2010,2.9,,
ESTAT:SDG_07_10(1.0),11-12-2025 23:00,Annual,Million tonnes of oil equivalent,North Macedonia,2011,3.1,,
ESTAT:SDG_07_10(1.0),11-12-2025 23:00,Annual,Million tonnes of oil equivalent,North Macedonia,2012,3,,
ESTAT:SDG_07_10(1.0),11-12-2025 23:00,Annual,Million tonnes of oil equivalent,North Macedonia,2013,2.7,,
ESTAT:SDG_07_10(1.0),11-12-2025 23:00,Annual,Million tonnes of oil equivalent,North Macedonia,2014,2.7,,
ESTAT:SDG_07_10(1.0),11-12-2025 23:00,Annual,Million tonnes of oil equivalent,North Macedonia,2015,2.6,,
ESTAT:SDG_07_10(1.0),11-12-2025 23:00,Annual,Million tonnes of oil equivalent,North Macedonia,2016,2.6,,
ESTAT:SDG_07_10(1.0),11-12-2025 23:00,Annual,Million tonnes of oil equivalent,North Macedonia,2017,2.7,,
ESTAT:SDG_07_10(1.0),11-12-2025 23:00,Annual,Million tonnes of oil equivalent,North Macedonia,2018,2.5,,
ESTAT:SDG_07_10(1.0),11-12-2025 23:00,Annual,Million tonnes of oil equivalent,North Macedonia,2019,2.8,,
ESTAT:SDG_07_10(1.0),11-12-2025 23:00,Annual,Million tonnes of oil equivalent,North Macedonia,2020,2.5,,
ESTAT:SDG_07_10(1.0),11-12-2025 23:00,Annual,Million tonnes of oil equivalent,North Macedonia,2021,2.6,,
ESTAT:SDG_07_10(1.0),11-12-2025 23:00,Annual,Million tonnes of oil equivalent,North Macedonia,2022,2.7,,
ESTAT:SDG_07_10(1.0),11-12-2025 23:00,Annual,Million tonnes of oil equivalent,North Macedonia,2023,2.7,,
ESTAT:SDG_07_10(1.0),11-12-2025 23:00,Annual,Million tonnes of oil equivalent,Malta,2005,0.9,,
ESTAT:SDG_07_10(1.0),11-12-2025 23:00,Annual,Million tonnes of oil equivalent,Malta,2006,0.9,,
ESTAT:SDG_07_10(1.0),11-12-2025 23:00,Annual,Million tonnes of oil equivalent,Malta,2007,1,,
ESTAT:SDG_07_10(1.0),11-12-2025 23:00,Annual,Million tonnes of oil equivalent,Malta,2008,1,,
ESTAT:SDG_07_10(1.0),11-12-2025 23:00,Annual,Million tonnes of oil equivalent,Malta,2009,0.9,,
ESTAT:SDG_07_10(1.0),11-12-2025 23:00,Annual,Million tonnes of oil equivalent,Malta,2010,0.9,,
ESTAT:SDG_07_10(1.0),11-12-2025 23:00,Annual,Million tonnes of oil equivalent,Malta,2011,0.9,,
ESTAT:SDG_07_10(1.0),11-12-2025 23:00,Annual,Million tonnes of oil equivalent,Malta,2012,1,,
ESTAT:SDG_07_10(1.0),11-12-2025 23:00,Annual,Million tonnes of oil equivalent,Malta,2013,0.9,,
ESTAT:SDG_07_10(1.0),11-12-2025 23:00,Annual,Million tonnes of oil equivalent,Malta,2014,0.9,,
ESTAT:SDG_07_10(1.0),11-12-2025 23:00,Annual,Million tonnes of oil equivalent,Malta,2015,0.8,,
ESTAT:SDG_07_10(1.0),11-12-2025 23:00,Annual,Million tonnes of oil equivalent,Malta,2016,0.7,,
ESTAT:SDG_07_10(1.0),11-12-2025 23:00,Annual,Million tonnes of oil equivalent,Malta,2017,0.8,,
ESTAT:SDG_07_10(1.0),11-12-2025 23:00,Annual,Million tonnes of oil equivalent,Malta,2018,0.8,,
ESTAT:SDG_07_10(1.0),11-12-2025 23:00,Annual,Million tonnes of oil equivalent,Malta,2019,0.9,,
ESTAT:SDG_07_10(1.0),11-12-2025 23:00,Annual,Million tonnes of oil equivalent,Malta,2020,0.7,,
ESTAT:SDG_07_10(1.0),11-12-2025 23:00,Annual,Million tonnes of oil equivalent,Malta,2021,0.8,,
ESTAT:SDG_07_10(1.0),11-12-2025 23:00,Annual,Million tonnes of oil equivalent,Malta,2022,0.9,,
ESTAT:SDG_07_10(1.0),11-12-2025 23:00,Annual,Million tonnes of oil equivalent,Malta,2023,0.9,,
ESTAT:SDG_07_10(1.0),11-12-2025 23:00,Annual,Million tonnes of oil equivalent,Malta,2024,0.9,,
ESTAT:SDG_07_10(1.0),11-12-2025 23:00,Annual,Million tonnes of oil equivalent,Netherlands,2005,70.1,,
ESTAT:SDG_07_10(1.0),11-12-2025 23:00,Annual,Million tonnes of oil equivalent,Netherlands,2006,69.5,,
ESTAT:SDG_07_10(1.0),11-12-2025 23:00,Annual,Million tonnes of oil equivalent,Netherlands,2007,69.4,,
ESTAT:SDG_07_10(1.0),11-12-2025 23:00,Annual,Million tonnes of oil equivalent,Netherlands,2008,69.9,,
ESTAT:SDG_07_10(1.0),11-12-2025 23:00,Annual,Million tonnes of oil equivalent,Netherlands,2009,67.6,,
ESTAT:SDG_07_10(1.0),11-12-2025 23:00,Annual,Million tonnes of oil equivalent,Netherlands,2010,71.7,,
ESTAT:SDG_07_10(1.0),11-12-2025 23:00,Annual,Million tonnes of oil equivalent,Netherlands,2011,67.1,,
ESTAT:SDG_07_10(1.0),11-12-2025 23:00,Annual,Million tonnes of oil equivalent,Netherlands,2012,66.8,,
ESTAT:SDG_07_10(1.0),11-12-2025 23:00,Annual,Million tonnes of oil equivalent,Netherlands,2013,66.2,,
ESTAT:SDG_07_10(1.0),11-12-2025 23:00,Annual,Million tonnes of oil equivalent,Netherlands,2014,62.3,,
ESTAT:SDG_07_10(1.0),11-12-2025 23:00,Annual,Million tonnes of oil equivalent,Netherlands,2015,64.1,,
ESTAT:SDG_07_10(1.0),11-12-2025 23:00,Annual,Million tonnes of oil equivalent,Netherlands,2016,65.1,,
ESTAT:SDG_07_10(1.0),11-12-2025 23:00,Annual,Million tonnes of oil equivalent,Netherlands,2017,65.4,,
ESTAT:SDG_07_10(1.0),11-12-2025 23:00,Annual,Million tonnes of oil equivalent,Netherlands,2018,64.8,,
ESTAT:SDG_07_10(1.0),11-12-2025 23:00,Annual,Million tonnes of oil equivalent,Netherlands,2019,63.7,,
ESTAT:SDG_07_10(1.0),11-12-2025 23:00,Annual,Million tonnes of oil equivalent,Netherlands,2020,58.4,,
ESTAT:SDG_07_10(1.0),11-12-2025 23:00,Annual,Million tonnes of oil equivalent,Netherlands,2021,60.8,,
ESTAT:SDG_07_10(1.0),11-12-2025 23:00,Annual,Million tonnes of oil equivalent,Netherlands,2022,56.2,,
ESTAT:SDG_07_10(1.0),11-12-2025 23:00,Annual,Million tonnes of oil equivalent,Netherlands,2023,53.8,,
ESTAT:SDG_07_10(1.0),11-12-2025 23:00,Annual,Million tonnes of oil equivalent,Netherlands,2024,52.7,,
ESTAT:SDG_07_10(1.0),11-12-2025 23:00,Annual,Million tonnes of oil equivalent,Norway,2005,27.2,,
ESTAT:SDG_07_10(1.0),11-12-2025 23:00,Annual,Million tonnes of oil equivalent,Norway,2006,27.4,,
ESTAT:SDG_07_10(1.0),11-12-2025 23:00,Annual,Million tonnes of oil equivalent,Norway,2007,25.3,,
ESTAT:SDG_07_10(1.0),11-12-2025 23:00,Annual,Million tonnes of oil equivalent,Norway,2008,28.3,,
ESTAT:SDG_07_10(1.0),11-12-2025 23:00,Annual,Million tonnes of oil equivalent,Norway,2009,27.9,,
ESTAT:SDG_07_10(1.0),11-12-2025 23:00,Annual,Million tonnes of oil equivalent,Norway,2010,29.8,,
ESTAT:SDG_07_10(1.0),11-12-2025 23:00,Annual,Million tonnes of oil equivalent,Norway,2011,25.7,,
ESTAT:SDG_07_10(1.0),11-12-2025 23:00,Annual,Million tonnes of oil equivalent,Norway,2012,27.5,,
ESTAT:SDG_07_10(1.0),11-12-2025 23:00,Annual,Million tonnes of oil equivalent,Norway,2013,28.8,,
ESTAT:SDG_07_10(1.0),11-12-2025 23:00,Annual,Million tonnes of oil equivalent,Norway,2014,26.2,,
ESTAT:SDG_07_10(1.0),11-12-2025 23:00,Annual,Million tonnes of oil equivalent,Norway,2015,23.1,,
ESTAT:SDG_07_10(1.0),11-12-2025 23:00,Annual,Million tonnes of oil equivalent,Norway,2016,26,,
ESTAT:SDG_07_10(1.0),11-12-2025 23:00,Annual,Million tonnes of oil equivalent,Norway,2017,27.4,,
ESTAT:SDG_07_10(1.0),11-12-2025 23:00,Annual,Million tonnes of oil equivalent,Norway,2018,27.4,,
ESTAT:SDG_07_10(1.0),11-12-2025 23:00,Annual,Million tonnes of oil equivalent,Norway,2019,25.8,,
ESTAT:SDG_07_10(1.0),11-12-2025 23:00,Annual,Million tonnes of oil equivalent,Norway,2020,25.2,,
ESTAT:SDG_07_10(1.0),11-12-2025 23:00,Annual,Million tonnes of oil equivalent,Norway,2021,26.3,,
ESTAT:SDG_07_10(1.0),11-12-2025 23:00,Annual,Million tonnes of oil equivalent,Norway,2022,23.5,,
ESTAT:SDG_07_10(1.0),11-12-2025 23:00,Annual,Million tonnes of oil equivalent,Norway,2023,24.9,,
ESTAT:SDG_07_10(1.0),11-12-2025 23:00,Annual,Million tonnes of oil equivalent,Poland,2005,88,,
ESTAT:SDG_07_10(1.0),11-12-2025 23:00,Annual,Million tonnes of oil equivalent,Poland,2006,92.3,,
ESTAT:SDG_07_10(1.0),11-12-2025 23:00,Annual,Million tonnes of oil equivalent,Poland,2007,91.9,,
ESTAT:SDG_07_10(1.0),11-12-2025 23:00,Annual,Million tonnes of oil equivalent,Poland,2008,93.1,,
ESTAT:SDG_07_10(1.0),11-12-2025 23:00,Annual,Million tonnes of oil equivalent,Poland,2009,89.5,,
ESTAT:SDG_07_10(1.0),11-12-2025 23:00,Annual,Million tonnes of oil equivalent,Poland,2010,96.6,,
ESTAT:SDG_07_10(1.0),11-12-2025 23:00,Annual,Million tonnes of oil equivalent,Poland,2011,96.6,,
ESTAT:SDG_07_10(1.0),11-12-2025 23:00,Annual,Million tonnes of oil equivalent,Poland,2012,92.8,,
ESTAT:SDG_07_10(1.0),11-12-2025 23:00,Annual,Million tonnes of oil equivalent,Poland,2013,93.4,,
ESTAT:SDG_07_10(1.0),11-12-2025 23:00,Annual,Million tonnes of oil equivalent,Poland,2014,89.5,,
ESTAT:SDG_07_10(1.0),11-12-2025 23:00,Annual,Million tonnes of oil equivalent,Poland,2015,90.1,,
ESTAT:SDG_07_10(1.0),11-12-2025 23:00,Annual,Million tonnes of oil equivalent,Poland,2016,94.8,,
ESTAT:SDG_07_10(1.0),11-12-2025 23:00,Annual,Million tonnes of oil equivalent,Poland,2017,99.1,,
ESTAT:SDG_07_10(1.0),11-12-2025 23:00,Annual,Million tonnes of oil equivalent,Poland,2018,104.1,,
ESTAT:SDG_07_10(1.0),11-12-2025 23:00,Annual,Million tonnes of oil equivalent,Poland,2019,100.2,,
ESTAT:SDG_07_10(1.0),11-12-2025 23:00,Annual,Million tonnes of oil equivalent,Poland,2020,96.8,,
ESTAT:SDG_07_10(1.0),11-12-2025 23:00,Annual,Million tonnes of oil equivalent,Poland,2021,103.9,,
ESTAT:SDG_07_10(1.0),11-12-2025 23:00,Annual,Million tonnes of oil equivalent,Poland,2022,98.4,,
ESTAT:SDG_07_10(1.0),11-12-2025 23:00,Annual,Million tonnes of oil equivalent,Poland,2023,93.2,,
ESTAT:SDG_07_10(1.0),11-12-2025 23:00,Annual,Million tonnes of oil equivalent,Poland,2024,92.3,,
ESTAT:SDG_07_10(1.0),11-12-2025 23:00,Annual,Million tonnes of oil equivalent,Portugal,2005,24.9,,
ESTAT:SDG_07_10(1.0),11-12-2025 23:00,Annual,Million tonnes of oil equivalent,Portugal,2006,24,,
ESTAT:SDG_07_10(1.0),11-12-2025 23:00,Annual,Million tonnes of oil equivalent,Portugal,2007,23.9,,
ESTAT:SDG_07_10(1.0),11-12-2025 23:00,Annual,Million tonnes of oil equivalent,Portugal,2008,23.6,,
ESTAT:SDG_07_10(1.0),11-12-2025 23:00,Annual,Million tonnes of oil equivalent,Portugal,2009,23.6,,
ESTAT:SDG_07_10(1.0),11-12-2025 23:00,Annual,Million tonnes of oil equivalent,Portugal,2010,22.7,,
ESTAT:SDG_07_10(1.0),11-12-2025 23:00,Annual,Million tonnes of oil equivalent,Portugal,2011,22,,
ESTAT:SDG_07_10(1.0),11-12-2025 23:00,Annual,Million tonnes of oil equivalent,Portugal,2012,21,,
ESTAT:SDG_07_10(1.0),11-12-2025 23:00,Annual,Million tonnes of oil equivalent,Portugal,2013,21,,
ESTAT:SDG_07_10(1.0),11-12-2025 23:00,Annual,Million tonnes of oil equivalent,Portugal,2014,20.7,,
ESTAT:SDG_07_10(1.0),11-12-2025 23:00,Annual,Million tonnes of oil equivalent,Portugal,2015,21.7,,
ESTAT:SDG_07_10(1.0),11-12-2025 23:00,Annual,Million tonnes of oil equivalent,Portugal,2016,21.8,,
ESTAT:SDG_07_10(1.0),11-12-2025 23:00,Annual,Million tonnes of oil equivalent,Portugal,2017,22.8,,
ESTAT:SDG_07_10(1.0),11-12-2025 23:00,Annual,Million tonnes of oil equivalent,Portugal,2018,22.7,,
ESTAT:SDG_07_10(1.0),11-12-2025 23:00,Annual,Million tonnes of oil equivalent,Portugal,2019,22.1,,
ESTAT:SDG_07_10(1.0),11-12-2025 23:00,Annual,Million tonnes of oil equivalent,Portugal,2020,19.5,,
ESTAT:SDG_07_10(1.0),11-12-2025 23:00,Annual,Million tonnes of oil equivalent,Portugal,2021,19.5,,
ESTAT:SDG_07_10(1.0),11-12-2025 23:00,Annual,Million tonnes of oil equivalent,Portugal,2022,20.8,,
ESTAT:SDG_07_10(1.0),11-12-2025 23:00,Annual,Million tonnes of oil equivalent,Portugal,2023,20.7,,
ESTAT:SDG_07_10(1.0),11-12-2025 23:00,Annual,Million tonnes of oil equivalent,Portugal,2024,20.8,,
ESTAT:SDG_07_10(1.0),11-12-2025 23:00,Annual,Million tonnes of oil equivalent,Romania,2005,36.1,,
ESTAT:SDG_07_10(1.0),11-12-2025 23:00,Annual,Million tonnes of oil equivalent,Romania,2006,37.5,,
ESTAT:SDG_07_10(1.0),11-12-2025 23:00,Annual,Million tonnes of oil equivalent,Romania,2007,37.4,,
ESTAT:SDG_07_10(1.0),11-12-2025 23:00,Annual,Million tonnes of oil equivalent,Romania,2008,37.3,,
ESTAT:SDG_07_10(1.0),11-12-2025 23:00,Annual,Million tonnes of oil equivalent,Romania,2009,32.7,,
ESTAT:SDG_07_10(1.0),11-12-2025 23:00,Annual,Million tonnes of oil equivalent,Romania,2010,33,,
ESTAT:SDG_07_10(1.0),11-12-2025 23:00,Annual,Million tonnes of oil equivalent,Romania,2011,33.5,,
ESTAT:SDG_07_10(1.0),11-12-2025 23:00,Annual,Million tonnes of oil equivalent,Romania,2012,33.3,,
ESTAT:SDG_07_10(1.0),11-12-2025 23:00,Annual,Million tonnes of oil equivalent,Romania,2013,30.4,,
ESTAT:SDG_07_10(1.0),11-12-2025 23:00,Annual,Million tonnes of oil equivalent,Romania,2014,30.1,,
ESTAT:SDG_07_10(1.0),11-12-2025 23:00,Annual,Million tonnes of oil equivalent,Romania,2015,30.8,,
ESTAT:SDG_07_10(1.0),11-12-2025 23:00,Annual,Million tonnes of oil equivalent,Romania,2016,30.7,,
ESTAT:SDG_07_10(1.0),11-12-2025 23:00,Annual,Million tonnes of oil equivalent,Romania,2017,32.5,,
ESTAT:SDG_07_10(1.0),11-12-2025 23:00,Annual,Million tonnes of oil equivalent,Romania,2018,32.6,,
ESTAT:SDG_07_10(1.0),11-12-2025 23:00,Annual,Million tonnes of oil equivalent,Romania,2019,32.1,,
ESTAT:SDG_07_10(1.0),11-12-2025 23:00,Annual,Million tonnes of oil equivalent,Romania,2020,30.9,,
ESTAT:SDG_07_10(1.0),11-12-2025 23:00,Annual,Million tonnes of oil equivalent,Romania,2021,33.1,,
ESTAT:SDG_07_10(1.0),11-12-2025 23:00,Annual,Million tonnes of oil equivalent,Romania,2022,31,,
ESTAT:SDG_07_10(1.0),11-12-2025 23:00,Annual,Million tonnes of oil equivalent,Romania,2023,30,,
ESTAT:SDG_07_10(1.0),11-12-2025 23:00,Annual,Million tonnes of oil equivalent,Romania,2024,29.6,,
ESTAT:SDG_07_10(1.0),11-12-2025 23:00,Annual,Million tonnes of oil equivalent,Serbia,2005,15.7,,
ESTAT:SDG_07_10(1.0),11-12-2025 23:00,Annual,Million tonnes of oil equivalent,Serbia,2006,16.5,,
ESTAT:SDG_07_10(1.0),11-12-2025 23:00,Annual,Million tonnes of oil equivalent,Serbia,2007,16.2,,
ESTAT:SDG_07_10(1.0),11-12-2025 23:00,Annual,Million tonnes of oil equivalent,Serbia,2008,15.9,,
ESTAT:SDG_07_10(1.0),11-12-2025 23:00,Annual,Million tonnes of oil equivalent,Serbia,2009,14.6,,
ESTAT:SDG_07_10(1.0),11-12-2025 23:00,Annual,Million tonnes of oil equivalent,Serbia,2010,14.8,,
ESTAT:SDG_07_10(1.0),11-12-2025 23:00,Annual,Million tonnes of oil equivalent,Serbia,2011,15.5,,
ESTAT:SDG_07_10(1.0),11-12-2025 23:00,Annual,Million tonnes of oil equivalent,Serbia,2012,14.3,,
ESTAT:SDG_07_10(1.0),11-12-2025 23:00,Annual,Million tonnes of oil equivalent,Serbia,2013,14.4,,
ESTAT:SDG_07_10(1.0),11-12-2025 23:00,Annual,Million tonnes of oil equivalent,Serbia,2014,12.8,,
ESTAT:SDG_07_10(1.0),11-12-2025 23:00,Annual,Million tonnes of oil equivalent,Serbia,2015,14.2,,
ESTAT:SDG_07_10(1.0),11-12-2025 23:00,Annual,Million tonnes of oil equivalent,Serbia,2016,14.6,,
ESTAT:SDG_07_10(1.0),11-12-2025 23:00,Annual,Million tonnes of oil equivalent,Serbia,2017,14.9,,
ESTAT:SDG_07_10(1.0),11-12-2025 23:00,Annual,Million tonnes of oil equivalent,Serbia,2018,14.8,,
ESTAT:SDG_07_10(1.0),11-12-2025 23:00,Annual,Million tonnes of oil equivalent,Serbia,2019,14.7,,
ESTAT:SDG_07_10(1.0),11-12-2025 23:00,Annual,Million tonnes of oil equivalent,Serbia,2020,15.2,,
ESTAT:SDG_07_10(1.0),11-12-2025 23:00,Annual,Million tonnes of oil equivalent,Serbia,2021,15.5,,
ESTAT:SDG_07_10(1.0),11-12-2025 23:00,Annual,Million tonnes of oil equivalent,Serbia,2022,15.8,,
ESTAT:SDG_07_10(1.0),11-12-2025 23:00,Annual,Million tonnes of oil equivalent,Serbia,2023,15.4,,
ESTAT:SDG_07_10(1.0),11-12-2025 23:00,Annual,Million tonnes of oil equivalent,Sweden,2005,49,,
ESTAT:SDG_07_10(1.0),11-12-2025 23:00,Annual,Million tonnes of oil equivalent,Sweden,2006,47.7,,
ESTAT:SDG_07_10(1.0),11-12-2025 23:00,Annual,Million tonnes of oil equivalent,Sweden,2007,47.4,,
ESTAT:SDG_07_10(1.0),11-12-2025 23:00,Annual,Million tonnes of oil equivalent,Sweden,2008,47.3,,
ESTAT:SDG_07_10(1.0),11-12-2025 23:00,Annual,Million tonnes of oil equivalent,Sweden,2009,43.1,,
ESTAT:SDG_07_10(1.0),11-12-2025 23:00,Annual,Million tonnes of oil equivalent,Sweden,2010,48.3,,
ESTAT:SDG_07_10(1.0),11-12-2025 23:00,Annual,Million tonnes of oil equivalent,Sweden,2011,47.5,,
ESTAT:SDG_07_10(1.0),11-12-2025 23:00,Annual,Million tonnes of oil equivalent,Sweden,2012,47.4,,
ESTAT:SDG_07_10(1.0),11-12-2025 23:00,Annual,Million tonnes of oil equivalent,Sweden,2013,46.4,,
ESTAT:SDG_07_10(1.0),11-12-2025 23:00,Annual,Million tonnes of oil equivalent,Sweden,2014,45.9,,
ESTAT:SDG_07_10(1.0),11-12-2025 23:00,Annual,Million tonnes of oil equivalent,Sweden,2015,43.8,,
ESTAT:SDG_07_10(1.0),11-12-2025 23:00,Annual,Million tonnes of oil equivalent,Sweden,2016,45.3,,
ESTAT:SDG_07_10(1.0),11-12-2025 23:00,Annual,Million tonnes of oil equivalent,Sweden,2017,46.3,,
ESTAT:SDG_07_10(1.0),11-12-2025 23:00,Annual,Million tonnes of oil equivalent,Sweden,2018,47.2,,
ESTAT:SDG_07_10(1.0),11-12-2025 23:00,Annual,Million tonnes of oil equivalent,Sweden,2019,45.8,,
ESTAT:SDG_07_10(1.0),11-12-2025 23:00,Annual,Million tonnes of oil equivalent,Sweden,2020,41.3,,
ESTAT:SDG_07_10(1.0),11-12-2025 23:00,Annual,Million tonnes of oil equivalent,Sweden,2021,43.3,,
ESTAT:SDG_07_10(1.0),11-12-2025 23:00,Annual,Million tonnes of oil equivalent,Sweden,2022,42.6,,
ESTAT:SDG_07_10(1.0),11-12-2025 23:00,Annual,Million tonnes of oil equivalent,Sweden,2023,41.4,,
ESTAT:SDG_07_10(1.0),11-12-2025 23:00,Annual,Million tonnes of oil equivalent,Sweden,2024,41.9,,
ESTAT:SDG_07_10(1.0),11-12-2025 23:00,Annual,Million tonnes of oil equivalent,Slovenia,2005,7.3,,
ESTAT:SDG_07_10(1.0),11-12-2025 23:00,Annual,Million tonnes of oil equivalent,Slovenia,2006,7.2,,
ESTAT:SDG_07_10(1.0),11-12-2025 23:00,Annual,Million tonnes of oil equivalent,Slovenia,2007,7.3,,
ESTAT:SDG_07_10(1.0),11-12-2025 23:00,Annual,Million tonnes of oil equivalent,Slovenia,2008,7.7,,
ESTAT:SDG_07_10(1.0),11-12-2025 23:00,Annual,Million tonnes of oil equivalent,Slovenia,2009,6.8,,
ESTAT:SDG_07_10(1.0),11-12-2025 23:00,Annual,Million tonnes of oil equivalent,Slovenia,2010,7,,
ESTAT:SDG_07_10(1.0),11-12-2025 23:00,Annual,Million tonnes of oil equivalent,Slovenia,2011,7.1,,
ESTAT:SDG_07_10(1.0),11-12-2025 23:00,Annual,Million tonnes of oil equivalent,Slovenia,2012,6.8,,
ESTAT:SDG_07_10(1.0),11-12-2025 23:00,Annual,Million tonnes of oil equivalent,Slovenia,2013,6.7,,
ESTAT:SDG_07_10(1.0),11-12-2025 23:00,Annual,Million tonnes of oil equivalent,Slovenia,2014,6.4,,
ESTAT:SDG_07_10(1.0),11-12-2025 23:00,Annual,Million tonnes of oil equivalent,Slovenia,2015,6.4,,
ESTAT:SDG_07_10(1.0),11-12-2025 23:00,Annual,Million tonnes of oil equivalent,Slovenia,2016,6.6,,
ESTAT:SDG_07_10(1.0),11-12-2025 23:00,Annual,Million tonnes of oil equivalent,Slovenia,2017,6.7,,
ESTAT:SDG_07_10(1.0),11-12-2025 23:00,Annual,Million tonnes of oil equivalent,Slovenia,2018,6.7,,
ESTAT:SDG_07_10(1.0),11-12-2025 23:00,Annual,Million tonnes of oil equivalent,Slovenia,2019,6.5,,
ESTAT:SDG_07_10(1.0),11-12-2025 23:00,Annual,Million tonnes of oil equivalent,Slovenia,2020,6.2,,
ESTAT:SDG_07_10(1.0),11-12-2025 23:00,Annual,Million tonnes of oil equivalent,Slovenia,2021,6.3,,
ESTAT:SDG_07_10(1.0),11-12-2025 23:00,Annual,Million tonnes of oil equivalent,Slovenia,2022,6.2,,
ESTAT:SDG_07_10(1.0),11-12-2025 23:00,Annual,Million tonnes of oil equivalent,Slovenia,2023,5.9,,
ESTAT:SDG_07_10(1.0),11-12-2025 23:00,Annual,Million tonnes of oil equivalent,Slovenia,2024,6.1,,
ESTAT:SDG_07_10(1.0),11-12-2025 23:00,Annual,Million tonnes of oil equivalent,Slovakia,2005,17.4,,
ESTAT:SDG_07_10(1.0),11-12-2025 23:00,Annual,Million tonnes of oil equivalent,Slovakia,2006,17.2,,
ESTAT:SDG_07_10(1.0),11-12-2025 23:00,Annual,Million tonnes of oil equivalent,Slovakia,2007,16.4,,
ESTAT:SDG_07_10(1.0),11-12-2025 23:00,Annual,Million tonnes of oil equivalent,Slovakia,2008,17,,
ESTAT:SDG_07_10(1.0),11-12-2025 23:00,Annual,Million tonnes of oil equivalent,Slovakia,2009,15.5,,
ESTAT:SDG_07_10(1.0),11-12-2025 23:00,Annual,Million tonnes of oil equivalent,Slovakia,2010,17.4,,
ESTAT:SDG_07_10(1.0),11-12-2025 23:00,Annual,Million tonnes of oil equivalent,Slovakia,2011,16.6,,
ESTAT:SDG_07_10(1.0),11-12-2025 23:00,Annual,Million tonnes of oil equivalent,Slovakia,2012,16.3,,
ESTAT:SDG_07_10(1.0),11-12-2025 23:00,Annual,Million tonnes of oil equivalent,Slovakia,2013,16.4,,
ESTAT:SDG_07_10(1.0),11-12-2025 23:00,Annual,Million tonnes of oil equivalent,Slovakia,2014,15.2,,
ESTAT:SDG_07_10(1.0),11-12-2025 23:00,Annual,Million tonnes of oil equivalent,Slovakia,2015,15.8,,
ESTAT:SDG_07_10(1.0),11-12-2025 23:00,Annual,Million tonnes of oil equivalent,Slovakia,2016,16,,
ESTAT:SDG_07_10(1.0),11-12-2025 23:00,Annual,Million tonnes of oil equivalent,Slovakia,2017,16.8,,
ESTAT:SDG_07_10(1.0),11-12-2025 23:00,Annual,Million tonnes of oil equivalent,Slovakia,2018,16.3,,
ESTAT:SDG_07_10(1.0),11-12-2025 23:00,Annual,Million tonnes of oil equivalent,Slovakia,2019,16,,
ESTAT:SDG_07_10(1.0),11-12-2025 23:00,Annual,Million tonnes of oil equivalent,Slovakia,2020,15.2,,
ESTAT:SDG_07_10(1.0),11-12-2025 23:00,Annual,Million tonnes of oil equivalent,Slovakia,2021,16.4,,
ESTAT:SDG_07_10(1.0),11-12-2025 23:00,Annual,Million tonnes of oil equivalent,Slovakia,2022,15.4,,
ESTAT:SDG_07_10(1.0),11-12-2025 23:00,Annual,Million tonnes of oil equivalent,Slovakia,2023,15.3,,
ESTAT:SDG_07_10(1.0),11-12-2025 23:00,Annual,Million tonnes of oil equivalent,Slovakia,2024,14.8,,
ESTAT:SDG_07_10(1.0),11-12-2025 23:00,Annual,Million tonnes of oil equivalent,Trkiye,2005,80.9,,
ESTAT:SDG_07_10(1.0),11-12-2025 23:00,Annual,Million tonnes of oil equivalent,Trkiye,2006,88.1,,
ESTAT:SDG_07_10(1.0),11-12-2025 23:00,Annual,Million tonnes of oil equivalent,Trkiye,2007,95.7,,
ESTAT:SDG_07_10(1.0),11-12-2025 23:00,Annual,Million tonnes of oil equivalent,Trkiye,2008,94.2,,
ESTAT:SDG_07_10(1.0),11-12-2025 23:00,Annual,Million tonnes of oil equivalent,Trkiye,2009,93,,
ESTAT:SDG_07_10(1.0),11-12-2025 23:00,Annual,Million tonnes of oil equivalent,Trkiye,2010,98.3,,
ESTAT:SDG_07_10(1.0),11-12-2025 23:00,Annual,Million tonnes of oil equivalent,Trkiye,2011,106.7,,
ESTAT:SDG_07_10(1.0),11-12-2025 23:00,Annual,Million tonnes of oil equivalent,Trkiye,2012,110.6,,
ESTAT:SDG_07_10(1.0),11-12-2025 23:00,Annual,Million tonnes of oil equivalent,Trkiye,2013,106.8,,
ESTAT:SDG_07_10(1.0),11-12-2025 23:00,Annual,Million tonnes of oil equivalent,Trkiye,2014,116.7,,
ESTAT:SDG_07_10(1.0),11-12-2025 23:00,Annual,Million tonnes of oil equivalent,Trkiye,2015,125.4,,
ESTAT:SDG_07_10(1.0),11-12-2025 23:00,Annual,Million tonnes of oil equivalent,Trkiye,2016,131.5,,
ESTAT:SDG_07_10(1.0),11-12-2025 23:00,Annual,Million tonnes of oil equivalent,Trkiye,2017,145.5,,
ESTAT:SDG_07_10(1.0),11-12-2025 23:00,Annual,Million tonnes of oil equivalent,Trkiye,2018,143.4,,
ESTAT:SDG_07_10(1.0),11-12-2025 23:00,Annual,Million tonnes of oil equivalent,Trkiye,2019,144.8,,
ESTAT:SDG_07_10(1.0),11-12-2025 23:00,Annual,Million tonnes of oil equivalent,Trkiye,2020,141.6,,
ESTAT:SDG_07_10(1.0),11-12-2025 23:00,Annual,Million tonnes of oil equivalent,Trkiye,2021,156.1,,
ESTAT:SDG_07_10(1.0),11-12-2025 23:00,Annual,Million tonnes of oil equivalent,Trkiye,2022,154.5,,
ESTAT:SDG_07_10(1.0),11-12-2025 23:00,Annual,Million tonnes of oil equivalent,Trkiye,2023,156.8,,
ESTAT:SDG_07_10(1.0),11-12-2025 23:00,Annual,Million tonnes of oil equivalent,Kosovo*,2005,1.9,,
ESTAT:SDG_07_10(1.0),11-12-2025 23:00,Annual,Million tonnes of oil equivalent,Kosovo*,2006,2,,
ESTAT:SDG_07_10(1.0),11-12-2025 23:00,Annual,Million tonnes of oil equivalent,Kosovo*,2007,2,,
ESTAT:SDG_07_10(1.0),11-12-2025 23:00,Annual,Million tonnes of oil equivalent,Kosovo*,2008,2.2,,
ESTAT:SDG_07_10(1.0),11-12-2025 23:00,Annual,Million tonnes of oil equivalent,Kosovo*,2009,2.5,,
ESTAT:SDG_07_10(1.0),11-12-2025 23:00,Annual,Million tonnes of oil equivalent,Kosovo*,2010,2.5,,
ESTAT:SDG_07_10(1.0),11-12-2025 23:00,Annual,Million tonnes of oil equivalent,Kosovo*,2011,2.5,,
ESTAT:SDG_07_10(1.0),11-12-2025 23:00,Annual,Million tonnes of oil equivalent,Kosovo*,2012,2.3,,
ESTAT:SDG_07_10(1.0),11-12-2025 23:00,Annual,Million tonnes of oil equivalent,Kosovo*,2013,2.3,,
ESTAT:SDG_07_10(1.0),11-12-2025 23:00,Annual,Million tonnes of oil equivalent,Kosovo*,2014,2.2,,
ESTAT:SDG_07_10(1.0),11-12-2025 23:00,Annual,Million tonnes of oil equivalent,Kosovo*,2015,2.5,,
ESTAT:SDG_07_10(1.0),11-12-2025 23:00,Annual,Million tonnes of oil equivalent,Kosovo*,2016,2.7,,
ESTAT:SDG_07_10(1.0),11-12-2025 23:00,Annual,Million tonnes of oil equivalent,Kosovo*,2017,2.5,,
ESTAT:SDG_07_10(1.0),11-12-2025 23:00,Annual,Million tonnes of oil equivalent,Kosovo*,2018,2.5,,
ESTAT:SDG_07_10(1.0),11-12-2025 23:00,Annual,Million tonnes of oil equivalent,Kosovo*,2019,2.6,,
ESTAT:SDG_07_10(1.0),11-12-2025 23:00,Annual,Million tonnes of oil equivalent,Kosovo*,2020,2.6,,
ESTAT:SDG_07_10(1.0),11-12-2025 23:00,Annual,Million tonnes of oil equivalent,Kosovo*,2021,2.8,,
ESTAT:SDG_07_10(1.0),11-12-2025 23:00,Annual,Million tonnes of oil equivalent,Kosovo*,2022,2.6,,
ESTAT:SDG_07_10(1.0),11-12-2025 23:00,Annual,Million tonnes of oil equivalent,Kosovo*,2023,2.5,,
